NUTS0,NUTS3ID,"NUTS 3 2010 code and name","Coastal region","Rural - urban typology","Metro region corresponding to the NUTS",MetroID,"Metro region name",Remark
BE,BE100,"BE100 - Arr. de Bruxelles-Capitale / Arr. van Brussel-Hoofdstad",N,"Urban region",Y,BE001MC,"Bruxelles / Brussel",
BE,BE211,"BE211 - Arr. Antwerpen",Y,"Urban region",Y,BE002M,Antwerpen,
BE,BE212,"BE212 - Arr. Mechelen",Y,"Urban region",N,,,
BE,BE213,"BE213 - Arr. Turnhout",N,"Intermediate region",N,,,
BE,BE221,"BE221 - Arr. Hasselt",N,"Urban region",N,,,
BE,BE222,"BE222 - Arr. Maaseik",N,"Intermediate region",N,,,
BE,BE223,"BE223 - Arr. Tongeren",N,"Intermediate region",N,,,
BE,BE231,"BE231 - Arr. Aalst",Y,"Urban region",Y,BE001MC,"Bruxelles / Brussel",
BE,BE232,"BE232 - Arr. Dendermonde",Y,"Urban region",N,,,
BE,BE233,"BE233 - Arr. Eeklo",Y,"Intermediate region",Y,BE003M,Gent,
BE,BE234,"BE234 - Arr. Gent",Y,"Urban region",Y,BE003M,Gent,
BE,BE235,"BE235 - Arr. Oudenaarde",N,"Intermediate region",N,,,
BE,BE236,"BE236 - Arr. Sint-Niklaas",Y,"Urban region",N,,,
BE,BE241,"BE241 - Arr. Halle-Vilvoorde",N,"Urban region",Y,BE001MC,"Bruxelles / Brussel",
BE,BE242,"BE242 - Arr. Leuven",N,"Urban region",Y,BE001MC,"Bruxelles / Brussel",
BE,BE251,"BE251 - Arr. Brugge",Y,"Urban region",N,,,
BE,BE252,"BE252 - Arr. Diksmuide",Y,"Rural region",N,,,
BE,BE253,"BE253 - Arr. Ieper",Y,"Rural region",N,,,
BE,BE254,"BE254 - Arr. Kortrijk",N,"Urban region",N,,,
BE,BE255,"BE255 - Arr. Oostende",Y,"Urban region",N,,,
BE,BE256,"BE256 - Arr. Roeselare",Y,"Urban region",N,,,
BE,BE257,"BE257 - Arr. Tielt",Y,"Intermediate region",N,,,
BE,BE258,"BE258 - Arr. Veurne",Y,"Intermediate region",N,,,
BE,BE310,"BE310 - Arr. Nivelles",N,"Intermediate region",Y,BE001MC,"Bruxelles / Brussel",
BE,BE321,"BE321 - Arr. Ath",N,"Rural region",N,,,
BE,BE322,"BE322 - Arr. Charleroi",N,"Urban region",Y,BE004M,Charleroi,
BE,BE323,"BE323 - Arr. Mons",N,"Urban region",N,,,
BE,BE324,"BE324 - Arr. Mouscron",N,"Urban region",N,,,
BE,BE325,"BE325 - Arr. Soignies",N,"Intermediate region",N,,,
BE,BE326,"BE326 - Arr. Thuin",N,"Intermediate region",Y,BE004M,Charleroi,
BE,BE327,"BE327 - Arr. Tournai",N,"Intermediate region",N,,,
BE,BE331,"BE331 - Arr. Huy",N,"Rural region",Y,BE005M,Liège,
BE,BE332,"BE332 - Arr. Liège",N,"Urban region",Y,BE005M,Liège,
BE,BE334,"BE334 - Arr. Waremme",N,"Rural region",Y,BE005M,Liège,
BE,BE335,"BE335 - Arr. Verviers - communes francophones",N,"Intermediate region",N,,,
BE,BE336,"BE336 - Bezirk Verviers - Deutschsprachige Gemeinschaft",N,"Rural region",N,,,
BE,BE341,"BE341 - Arr. Arlon",N,"Rural region",N,,,
BE,BE342,"BE342 - Arr. Bastogne",N,"Rural region",N,,,
BE,BE343,"BE343 - Arr. Marche-en-Famenne",N,"Rural region",N,,,
BE,BE344,"BE344 - Arr. Neufchâteau",N,"Rural region",N,,,
BE,BE345,"BE345 - Arr. Virton",N,"Rural region",N,,,
BE,BE351,"BE351 - Arr. Dinant",N,"Rural region",N,,,
BE,BE352,"BE352 - Arr. Namur",N,"Intermediate region",N,,,
BE,BE353,"BE353 - Arr. Philippeville",N,"Rural region",Y,BE004M,Charleroi,
BG,BG311,"BG311 - Vidin",N,"Rural region",N,,,
BG,BG312,"BG312 - Montana",N,"Rural region",N,,,
BG,BG313,"BG313 - Vratsa",N,"Rural region",N,,,
BG,BG314,"BG314 - Pleven",N,"Rural region",N,,,
BG,BG315,"BG315 - Lovech",N,"Rural region",N,,,
BG,BG321,"BG321 - Veliko Tarnovo",N,"Rural region",N,,,
BG,BG322,"BG322 - Gabrovo",N,"Intermediate region",N,,,
BG,BG323,"BG323 - Ruse",N,"Intermediate region",N,,,
BG,BG324,"BG324 - Razgrad",N,"Rural region",N,,,
BG,BG325,"BG325 - Silistra",N,"Rural region",N,,,
BG,BG331,"BG331 - Varna",Y,"Intermediate region",Y,BG003M,Varna,
BG,BG332,"BG332 - Dobrich",Y,"Intermediate region",N,,,
BG,BG333,"BG333 - Shumen",N,"Rural region",N,,,
BG,BG334,"BG334 - Targovishte",N,"Rural region",N,,,
BG,BG341,"BG341 - Burgas",Y,"Intermediate region",N,,,
BG,BG342,"BG342 - Sliven",N,"Intermediate region",N,,,
BG,BG343,"BG343 - Yambol",N,"Intermediate region",N,,,
BG,BG344,"BG344 - Stara Zagora",N,"Intermediate region",N,,,
BG,BG411,"BG411 - Sofia (stolitsa)",N,"Urban region",Y,BG001MC,Sofia,
BG,BG412,"BG412 - Sofia",N,"Rural region",Y,BG001MC,Sofia,
BG,BG413,"BG413 - Blagoevgrad",N,"Rural region",N,,,
BG,BG414,"BG414 - Pernik",N,"Intermediate region",Y,BG001MC,Sofia,
BG,BG415,"BG415 - Kyustendil",N,"Intermediate region",N,,,
BG,BG421,"BG421 - Plovdiv",N,"Intermediate region",Y,BG002M,Plovdiv,
BG,BG422,"BG422 - Haskovo",N,"Intermediate region",N,,,
BG,BG423,"BG423 - Pazardzhik",N,"Rural region",N,,,
BG,BG424,"BG424 - Smolyan",N,"Rural region",N,,,
BG,BG425,"BG425 - Kardzhali",N,"Rural region",N,,,
CZ,CZ010,"CZ010 - Hlavní mesto Praha",N,"Urban region",Y,CZ001MC,Praha,
CZ,CZ020,"CZ020 - Stredoceský  kraj",N,"Urban region",Y,CZ001MC,Praha,
CZ,CZ031,"CZ031 - Jihocecký kraj",N,"Rural region",N,,,
CZ,CZ032,"CZ032 - Plzenský kraj",N,"Rural region",Y,CZ004M,Plze?,
CZ,CZ041,"CZ041 - Karlovarský kraj",N,"Intermediate region",N,,,
CZ,CZ042,"CZ042 - Ústecký kraj",N,"Intermediate region",N,,,
CZ,CZ051,"CZ051 - Liberecký kraj",N,"Intermediate region",N,,,
CZ,CZ052,"CZ052 - Královéhradecký kraj",N,"Intermediate region",N,,,
CZ,CZ053,"CZ053 - Pardubický kraj",N,"Rural region",N,,,
CZ,CZ063,"CZ063 - Kraj Vysocina",N,"Rural region",N,,,
CZ,CZ064,"CZ064 - Jihomoravský kraj",N,"Intermediate region",Y,CZ002M,Brno,
CZ,CZ071,"CZ071 - Olomoucký kraj",N,"Rural region",N,,,
CZ,CZ072,"CZ072 - Zlínský kraj",N,"Rural region",N,,,
CZ,CZ080,"CZ080 - Moravskoslezský kraj",N,"Intermediate region",Y,CZ003M,Ostrava,
DK,DK011,"DK011 - Byen København",Y,"Urban region",Y,DK001MC,København,
DK,DK012,"DK012 - Københavns omegn",Y,"Urban region",Y,DK001MC,København,
DK,DK013,"DK013 - Nordsjælland",Y,"Intermediate region",Y,DK001MC,København,
DK,DK014,"DK014 - Bornholm",Y,"Rural region",N,,,
DK,DK021,"DK021 - Østsjælland",Y,"Intermediate region",Y,DK001MC,København,
DK,DK022,"DK022 - Vest- og Sydsjælland",Y,"Rural region",N,,,
DK,DK031,"DK031 - Fyn",Y,"Intermediate region",Y,DK003M,Odense,
DK,DK032,"DK032 - Sydjylland",Y,"Intermediate region",N,,,
DK,DK041,"DK041 - Vestjylland",Y,"Rural region",N,,,
DK,DK042,"DK042 - Østjylland",Y,"Intermediate region",Y,DK002M,Århus,
DK,DK050,"DK050 - Nordjylland",Y,"Rural region",Y,DK004M,Aalborg,
DE,DE111,"DE111 - Stuttgart, Stadtkreis",N,"Urban region",Y,DE007M,Stuttgart,
DE,DE112,"DE112 - Böblingen",N,"Urban region",Y,DE007M,Stuttgart,
DE,DE113,"DE113 - Esslingen",N,"Urban region",Y,DE007M,Stuttgart,
DE,DE114,"DE114 - Göppingen",N,"Intermediate region",Y,DE007M,Stuttgart,
DE,DE115,"DE115 - Ludwigsburg",N,"Urban region",Y,DE007M,Stuttgart,
DE,DE116,"DE116 - Rems-Murr-Kreis",N,"Urban region",Y,DE007M,Stuttgart,
DE,DE117,"DE117 - Heilbronn, Stadtkreis",N,"Intermediate region",Y,DE529M,Heilbronn,
DE,DE118,"DE118 - Heilbronn, Landkreis",N,"Intermediate region",Y,DE529M,Heilbronn,
DE,DE119,"DE119 - Hohenlohekreis",N,"Intermediate region",N,,,
DE,DE11A,"DE11A - Schwäbisch Hall",N,"Rural region",N,,,
DE,DE11B,"DE11B - Main-Tauber-Kreis",N,"Rural region",N,,,
DE,DE11C,"DE11C - Heidenheim",N,"Intermediate region",N,,,
DE,DE11D,"DE11D - Ostalbkreis",N,"Intermediate region",N,,,
DE,DE121,"DE121 - Baden-Baden, Stadtkreis",N,"Intermediate region",N,,,
DE,DE122,"DE122 - Karlsruhe, Stadtkreis",N,"Urban region",Y,DE035M,Karlsruhe,
DE,DE123,"DE123 - Karlsruhe, Landkreis",N,"Urban region",Y,DE035M,Karlsruhe,
DE,DE124,"DE124 - Rastatt",N,"Intermediate region",N,,,
DE,DE125,"DE125 - Heidelberg, Stadtkreis",N,"Urban region",Y,DE522M,Heidelberg,
DE,DE126,"DE126 - Mannheim, Stadtkreis",N,"Urban region",Y,DE084M,Mannheim-Ludwigshafen,
DE,DE127,"DE127 - Neckar-Odenwald-Kreis",N,"Rural region",N,,,
DE,DE128,"DE128 - Rhein-Neckar-Kreis",N,"Urban region",Y,DE522M,Heidelberg,
DE,DE129,"DE129 - Pforzheim, Stadtkreis",N,"Urban region",Y,DE533M,Pforzheim,
DE,DE12A,"DE12A - Calw",N,"Rural region",N,,,
DE,DE12B,"DE12B - Enzkreis",N,"Urban region",Y,DE533M,Pforzheim,
DE,DE12C,"DE12C - Freudenstadt",N,"Rural region",N,,,
DE,DE131,"DE131 - Freiburg im Breisgau, Stadtkreis",N,"Intermediate region",Y,DE027M,"Freiburg im Breisgau",
DE,DE132,"DE132 - Breisgau-Hochschwarzwald",N,"Intermediate region",Y,DE027M,"Freiburg im Breisgau",
DE,DE133,"DE133 - Emmendingen",N,"Intermediate region",Y,DE027M,"Freiburg im Breisgau",
DE,DE134,"DE134 - Ortenaukreis",N,"Intermediate region",Y,DE073M,Offenburg,
DE,DE135,"DE135 - Rottweil",N,"Rural region",N,,,
DE,DE136,"DE136 - Schwarzwald-Baar-Kreis",N,"Intermediate region",N,,,
DE,DE137,"DE137 - Tuttlingen",N,"Intermediate region",N,,,
DE,DE138,"DE138 - Konstanz",N,"Intermediate region",Y,DE054M,Konstanz,
DE,DE139,"DE139 - Lörrach",N,"Intermediate region",Y,CH003M,Basel,
DE,DE13A,"DE13A - Waldshut",N,"Rural region",N,,,
DE,DE141,"DE141 - Reutlingen",N,"Intermediate region",Y,DE537M,Reutlingen,
DE,DE142,"DE142 - Tübingen, Landkreis",N,"Intermediate region",N,,,
DE,DE143,"DE143 - Zollernalbkreis",N,"Intermediate region",N,,,
DE,DE144,"DE144 - Ulm, Stadtkreis",N,"Intermediate region",Y,DE532M,Ulm,
DE,DE145,"DE145 - Alb-Donau-Kreis",N,"Intermediate region",Y,DE532M,Ulm,
DE,DE146,"DE146 - Biberach",N,"Rural region",N,,,
DE,DE147,"DE147 - Bodenseekreis",N,"Intermediate region",N,,,
DE,DE148,"DE148 - Ravensburg",N,"Rural region",N,,,
DE,DE149,"DE149 - Sigmaringen",N,"Rural region",N,,,
DE,DE211,"DE211 - Ingolstadt, Kreisfreie Stadt",N,"Intermediate region",Y,DE534M,Ingolstadt,
DE,DE212,"DE212 - München, Kreisfreie Stadt",N,"Urban region",Y,DE003M,München,
DE,DE213,"DE213 - Rosenheim, Kreisfreie Stadt",N,"Intermediate region",Y,DE069M,Rosenheim,
DE,DE214,"DE214 - Altötting",N,"Intermediate region",N,,,
DE,DE215,"DE215 - Berchtesgadener Land",N,"Intermediate region",N,,,
DE,DE216,"DE216 - Bad Tölz-Wolfratshausen",N,"Intermediate region",N,,,
DE,DE217,"DE217 - Dachau",N,"Rural region",Y,DE003M,München,
DE,DE218,"DE218 - Ebersberg",N,"Intermediate region",Y,DE003M,München,
DE,DE219,"DE219 - Eichstätt",N,"Intermediate region",Y,DE534M,Ingolstadt,
DE,DE21A,"DE21A - Erding",N,"Rural region",Y,DE003M,München,
DE,DE21B,"DE21B - Freising",N,"Intermediate region",Y,DE003M,München,
DE,DE21C,"DE21C - Fürstenfeldbruck",N,"Intermediate region",Y,DE003M,München,
DE,DE21D,"DE21D - Garmisch-Partenkirchen",N,"Intermediate region",N,,,
DE,DE21E,"DE21E - Landsberg am Lech",N,"Rural region",Y,DE003M,München,
DE,DE21F,"DE21F - Miesbach",N,"Intermediate region",N,,,
DE,DE21G,"DE21G - Mühldorf am Inn",N,"Rural region",N,,,
DE,DE21H,"DE21H - München, Landkreis",N,"Urban region",Y,DE003M,München,
DE,DE21I,"DE21I - Neuburg-Schrobenhausen",N,"Intermediate region",Y,DE534M,Ingolstadt,
DE,DE21J,"DE21J - Pfaffenhofen an der Ilm",N,"Intermediate region",Y,DE534M,Ingolstadt,
DE,DE21K,"DE21K - Rosenheim, Landkreis",N,"Intermediate region",Y,DE069M,Rosenheim,
DE,DE21L,"DE21L - Starnberg",N,"Intermediate region",Y,DE003M,München,
DE,DE21M,"DE21M - Traunstein",N,"Rural region",N,,,
DE,DE21N,"DE21N - Weilheim-Schongau",N,"Intermediate region",N,,,
DE,DE221,"DE221 - Landshut, Kreisfreie Stadt",N,"Rural region",N,,,
DE,DE222,"DE222 - Passau, Kreisfreie Stadt",N,"Rural region",N,,,
DE,DE223,"DE223 - Straubing, Kreisfreie Stadt",N,"Rural region",N,,,
DE,DE224,"DE224 - Deggendorf",N,"Rural region",N,,,
DE,DE225,"DE225 - Freyung-Grafenau",N,"Rural region",N,,,
DE,DE226,"DE226 - Kelheim",N,"Rural region",Y,DE028M,Regensburg,
DE,DE227,"DE227 - Landshut, Landkreis",N,"Rural region",N,,,
DE,DE228,"DE228 - Passau, Landkreis",N,"Rural region",N,,,
DE,DE229,"DE229 - Regen",N,"Rural region",N,,,
DE,DE22A,"DE22A - Rottal-Inn",N,"Rural region",N,,,
DE,DE22B,"DE22B - Straubing-Bogen",N,"Rural region",N,,,
DE,DE22C,"DE22C - Dingolfing-Landau",N,"Rural region",N,,,
DE,DE231,"DE231 - Amberg, Kreisfreie Stadt",N,"Intermediate region",N,,,
DE,DE232,"DE232 - Regensburg, Kreisfreie Stadt",N,"Intermediate region",Y,DE028M,Regensburg,
DE,DE233,"DE233 - Weiden in der Oberpfalz, Kreisfreie Stadt",N,"Rural region",N,,,
DE,DE234,"DE234 - Amberg-Sulzbach",N,"Intermediate region",N,,,
DE,DE235,"DE235 - Cham",N,"Rural region",N,,,
DE,DE236,"DE236 - Neumarkt in der Oberpfalz",N,"Rural region",N,,,
DE,DE237,"DE237 - Neustadt an der Waldnaab",N,"Rural region",N,,,
DE,DE238,"DE238 - Regensburg, Landkreis",N,"Intermediate region",Y,DE028M,Regensburg,
DE,DE239,"DE239 - Schwandorf",N,"Rural region",N,,,
DE,DE23A,"DE23A - Tirschenreuth",N,"Rural region",N,,,
DE,DE241,"DE241 - Bamberg, Kreisfreie Stadt",N,"Intermediate region",N,,,
DE,DE242,"DE242 - Bayreuth, Kreisfreie Stadt",N,"Rural region",Y,DE059M,Bayreuth,
DE,DE243,"DE243 - Coburg, Kreisfreie Stadt",N,"Intermediate region",N,,,
DE,DE244,"DE244 - Hof, Kreisfreie Stadt",N,"Intermediate region",N,,,
DE,DE245,"DE245 - Bamberg, Landkreis",N,"Intermediate region",N,,,
DE,DE246,"DE246 - Bayreuth, Landkreis",N,"Rural region",Y,DE059M,Bayreuth,
DE,DE247,"DE247 - Coburg, Landkreis",N,"Intermediate region",N,,,
DE,DE248,"DE248 - Forchheim",N,"Intermediate region",N,,,
DE,DE249,"DE249 - Hof, Landkreis",N,"Intermediate region",N,,,
DE,DE24A,"DE24A - Kronach",N,"Rural region",N,,,
DE,DE24B,"DE24B - Kulmbach",N,"Rural region",Y,DE059M,Bayreuth,
DE,DE24C,"DE24C - Lichtenfels",N,"Intermediate region",N,,,
DE,DE24D,"DE24D - Wunsiedel im Fichtelgebirge",N,"Rural region",N,,,
DE,DE251,"DE251 - Ansbach, Kreisfreie Stadt",N,"Rural region",N,,,
DE,DE252,"DE252 - Erlangen, Kreisfreie Stadt",N,"Urban region",Y,DE014M,Nürnberg,
DE,DE253,"DE253 - Fürth, Kreisfreie Stadt",N,"Urban region",Y,DE014M,Nürnberg,
DE,DE254,"DE254 - Nürnberg, Kreisfreie Stadt",N,"Urban region",Y,DE014M,Nürnberg,
DE,DE255,"DE255 - Schwabach, Kreisfreie Stadt",N,"Urban region",Y,DE014M,Nürnberg,
DE,DE256,"DE256 - Ansbach, Landkreis",N,"Rural region",N,,,
DE,DE257,"DE257 - Erlangen-Höchstadt",N,"Urban region",Y,DE014M,Nürnberg,
DE,DE258,"DE258 - Fürth, Landkreis",N,"Urban region",Y,DE014M,Nürnberg,
DE,DE259,"DE259 - Nürnberger Land",N,"Urban region",Y,DE014M,Nürnberg,
DE,DE25A,"DE25A - Neustadt an der Aisch-Bad Windsheim",N,"Rural region",N,,,
DE,DE25B,"DE25B - Roth",N,"Intermediate region",Y,DE014M,Nürnberg,
DE,DE25C,"DE25C - Weißenburg-Gunzenhausen",N,"Rural region",N,,,
DE,DE261,"DE261 - Aschaffenburg, Kreisfreie Stadt",N,"Intermediate region",Y,DE061M,Aschaffenburg,
DE,DE262,"DE262 - Schweinfurt, Kreisfreie Stadt",N,"Intermediate region",Y,DE077M,Schweinfurt,
DE,DE263,"DE263 - Würzburg, Kreisfreie Stadt",N,"Intermediate region",Y,DE524M,Würzburg,
DE,DE264,"DE264 - Aschaffenburg, Landkreis",N,"Intermediate region",Y,DE061M,Aschaffenburg,
DE,DE265,"DE265 - Bad Kissingen",N,"Rural region",Y,DE077M,Schweinfurt,
DE,DE266,"DE266 - Rhön-Grabfeld",N,"Rural region",N,,,
DE,DE267,"DE267 - Haßberge",N,"Rural region",N,,,
DE,DE268,"DE268 - Kitzingen",N,"Rural region",Y,DE524M,Würzburg,
DE,DE269,"DE269 - Miltenberg",N,"Intermediate region",Y,DE061M,Aschaffenburg,
DE,DE26A,"DE26A - Main-Spessart",N,"Rural region",Y,DE524M,Würzburg,
DE,DE26B,"DE26B - Schweinfurt, Landkreis",N,"Intermediate region",Y,DE077M,Schweinfurt,
DE,DE26C,"DE26C - Würzburg, Landkreis",N,"Intermediate region",Y,DE524M,Würzburg,
DE,DE271,"DE271 - Augsburg, Kreisfreie Stadt",N,"Intermediate region",Y,DE033M,Augsburg,
DE,DE272,"DE272 - Kaufbeuren, Kreisfreie Stadt",N,"Rural region",N,,,
DE,DE273,"DE273 - Kempten (Allgäu), Kreisfreie Stadt",N,"Intermediate region",N,,,
DE,DE274,"DE274 - Memmingen, Kreisfreie Stadt",N,"Rural region",N,,,
DE,DE275,"DE275 - Aichach-Friedberg",N,"Intermediate region",Y,DE033M,Augsburg,
DE,DE276,"DE276 - Augsburg, Landkreis",N,"Intermediate region",Y,DE033M,Augsburg,
DE,DE277,"DE277 - Dillingen an der Donau",N,"Rural region",N,,,
DE,DE278,"DE278 - Günzburg",N,"Rural region",N,,,
DE,DE279,"DE279 - Neu-Ulm",N,"Intermediate region",Y,DE532M,Ulm,
DE,DE27A,"DE27A - Lindau (Bodensee)",N,"Intermediate region",N,,,
DE,DE27B,"DE27B - Ostallgäu",N,"Rural region",N,,,
DE,DE27C,"DE27C - Unterallgäu",N,"Rural region",N,,,
DE,DE27D,"DE27D - Donau-Ries",N,"Rural region",N,,,
DE,DE27E,"DE27E - Oberallgäu",N,"Intermediate region",N,,,
DE,DE300,"DE300 - Berlin",N,"Urban region",Y,DE001MC,Berlin,
DE,DE401,"DE401 - Brandenburg an der Havel, Kreisfreie Stadt",N,"Intermediate region",N,,,
DE,DE402,"DE402 - Cottbus, Kreisfreie Stadt",N,"Intermediate region",N,,,
DE,DE403,"DE403 - Frankfurt (Oder), Kreisfreie Stadt",N,"Intermediate region",N,,,
DE,DE404,"DE404 - Potsdam, Kreisfreie Stadt",N,"Intermediate region",Y,DE001MC,Berlin,
DE,DE405,"DE405 - Barnim",N,"Intermediate region",Y,DE001MC,Berlin,
DE,DE406,"DE406 - Dahme-Spreewald",N,"Intermediate region",Y,DE001MC,Berlin,
DE,DE407,"DE407 - Elbe-Elster",N,"Rural region",N,,,
DE,DE408,"DE408 - Havelland",N,"Intermediate region",Y,DE001MC,Berlin,
DE,DE409,"DE409 - Märkisch-Oderland",N,"Intermediate region",Y,DE001MC,Berlin,
DE,DE40A,"DE40A - Oberhavel",N,"Intermediate region",Y,DE001MC,Berlin,
DE,DE40B,"DE40B - Oberspreewald-Lausitz",N,"Intermediate region",N,,,
DE,DE40C,"DE40C - Oder-Spree",N,"Intermediate region",Y,DE001MC,Berlin,
DE,DE40D,"DE40D - Ostprignitz-Ruppin",N,"Rural region",N,,,
DE,DE40E,"DE40E - Potsdam-Mittelmark",N,"Intermediate region",Y,DE001MC,Berlin,
DE,DE40F,"DE40F - Prignitz",N,"Rural region",N,,,
DE,DE40G,"DE40G - Spree-Neiße",N,"Intermediate region",N,,,
DE,DE40H,"DE40H - Teltow-Fläming",N,"Rural region",Y,DE001MC,Berlin,
DE,DE40I,"DE40I - Uckermark",N,"Rural region",N,,,
DE,DE501,"DE501 - Bremen, Kreisfreie Stadt",Y,"Urban region",Y,DE012M,Bremen,
DE,DE502,"DE502 - Bremerhaven, Kreisfreie Stadt",Y,"Intermediate region",Y,DE527M,Bremerhaven,
DE,DE600,"DE600 - Hamburg",Y,"Urban region",Y,DE002M,Hamburg,
DE,DE711,"DE711 - Darmstadt, Kreisfreie Stadt",N,"Urban region",Y,DE025M,Darmstadt,
DE,DE712,"DE712 - Frankfurt am Main, Kreisfreie Stadt",N,"Urban region",Y,DE005M,"Frankfurt am Main",
DE,DE713,"DE713 - Offenbach am Main, Kreisfreie Stadt",N,"Urban region",Y,DE005M,"Frankfurt am Main",
DE,DE714,"DE714 - Wiesbaden, Kreisfreie Stadt",N,"Urban region",Y,DE020M,Wiesbaden,
DE,DE715,"DE715 - Bergstraße",N,"Urban region",Y,DE522M,Heidelberg,
DE,DE716,"DE716 - Darmstadt-Dieburg",N,"Urban region",Y,DE025M,Darmstadt,
DE,DE717,"DE717 - Groß-Gerau",N,"Urban region",Y,DE005M,"Frankfurt am Main",
DE,DE718,"DE718 - Hochtaunuskreis",N,"Urban region",Y,DE005M,"Frankfurt am Main",
DE,DE719,"DE719 - Main-Kinzig-Kreis",N,"Intermediate region",Y,DE005M,"Frankfurt am Main",
DE,DE71A,"DE71A - Main-Taunus-Kreis",N,"Urban region",Y,DE005M,"Frankfurt am Main",
DE,DE71B,"DE71B - Odenwaldkreis",N,"Rural region",N,,,
DE,DE71C,"DE71C - Offenbach, Landkreis",N,"Urban region",Y,DE005M,"Frankfurt am Main",
DE,DE71D,"DE71D - Rheingau-Taunus-Kreis",N,"Urban region",Y,DE020M,Wiesbaden,
DE,DE71E,"DE71E - Wetteraukreis",N,"Urban region",Y,DE005M,"Frankfurt am Main",
DE,DE721,"DE721 - Gießen, Landkreis",N,"Intermediate region",Y,DE057M,Gießen,
DE,DE722,"DE722 - Lahn-Dill-Kreis",N,"Intermediate region",Y,DE079M,Wetzlar,
DE,DE723,"DE723 - Limburg-Weilburg",N,"Intermediate region",N,,,
DE,DE724,"DE724 - Marburg-Biedenkopf",N,"Intermediate region",Y,DE053M,Marburg,
DE,DE725,"DE725 - Vogelsbergkreis",N,"Rural region",N,,,
DE,DE731,"DE731 - Kassel, Kreisfreie Stadt",N,"Intermediate region",Y,DE513M,Kassel,
DE,DE732,"DE732 - Fulda",N,"Rural region",N,,,
DE,DE733,"DE733 - Hersfeld-Rotenburg",N,"Rural region",N,,,
DE,DE734,"DE734 - Kassel, Landkreis",N,"Intermediate region",Y,DE513M,Kassel,
DE,DE735,"DE735 - Schwalm-Eder-Kreis",N,"Rural region",N,,,
DE,DE736,"DE736 - Waldeck-Frankenberg",N,"Rural region",N,,,
DE,DE737,"DE737 - Werra-Meißner-Kreis",N,"Rural region",N,,,
DE,DE801,"DE801 - Greifswald, Kreisfreie Stadt",Y,"Intermediate region",N,,,
DE,DE802,"DE802 - Neubrandenburg, Kreisfreie Stadt",Y,"Intermediate region",Y,DE064M,Neubrandenburg,
DE,DE803,"DE803 - Rostock, Kreisfreie Stadt",Y,"Intermediate region",Y,DE043M,Rostock,
DE,DE804,"DE804 - Schwerin, Kreisfreie Stadt",Y,"Intermediate region",Y,DE031M,Schwerin,
DE,DE805,"DE805 - Stralsund, Kreisfreie Stadt",Y,"Intermediate region",N,,,
DE,DE806,"DE806 - Wismar, Kreisfreie Stadt",Y,"Rural region",N,,,
DE,DE807,"DE807 - Bad Doberan",Y,"Intermediate region",Y,DE043M,Rostock,
DE,DE808,"DE808 - Demmin",Y,"Rural region",Y,DE064M,Neubrandenburg,
DE,DE809,"DE809 - Güstrow",Y,"Rural region",Y,DE043M,Rostock,
DE,DE80A,"DE80A - Ludwigslust",N,"Intermediate region",Y,DE031M,Schwerin,
DE,DE80B,"DE80B - Mecklenburg-Strelitz",N,"Intermediate region",Y,DE064M,Neubrandenburg,
DE,DE80C,"DE80C - Müritz",N,"Rural region",Y,DE064M,Neubrandenburg,
DE,DE80D,"DE80D - Nordvorpommern",Y,"Intermediate region",N,,,
DE,DE80E,"DE80E - Nordwestmecklenburg",Y,"Rural region",N,,,
DE,DE80F,"DE80F - Ostvorpommern",Y,"Intermediate region",N,,,
DE,DE80G,"DE80G - Parchim",N,"Rural region",Y,DE031M,Schwerin,
DE,DE80H,"DE80H - Rügen",Y,"Rural region",N,,,
DE,DE80I,"DE80I - Uecker-Randow",Y,"Rural region",N,,,
DE,DE911,"DE911 - Braunschweig, Kreisfreie Stadt",N,"Intermediate region",Y,DE083M,Braunschweig-Salzgitter-Wolfsburg,
DE,DE912,"DE912 - Salzgitter, Kreisfreie Stadt",N,"Intermediate region",Y,DE083M,Braunschweig-Salzgitter-Wolfsburg,
DE,DE913,"DE913 - Wolfsburg, Kreisfreie Stadt",N,"Intermediate region",Y,DE083M,Braunschweig-Salzgitter-Wolfsburg,
DE,DE914,"DE914 - Gifhorn",N,"Intermediate region",Y,DE083M,Braunschweig-Salzgitter-Wolfsburg,
DE,DE915,"DE915 - Göttingen",N,"Intermediate region",Y,DE021M,Göttingen,
DE,DE916,"DE916 - Goslar",N,"Intermediate region",N,,,
DE,DE917,"DE917 - Helmstedt",N,"Intermediate region",Y,DE083M,Braunschweig-Salzgitter-Wolfsburg,
DE,DE918,"DE918 - Northeim",N,"Rural region",Y,DE021M,Göttingen,
DE,DE919,"DE919 - Osterode am Harz",N,"Intermediate region",N,,,
DE,DE91A,"DE91A - Peine",N,"Intermediate region",Y,DE083M,Braunschweig-Salzgitter-Wolfsburg,
DE,DE91B,"DE91B - Wolfenbüttel",N,"Intermediate region",Y,DE083M,Braunschweig-Salzgitter-Wolfsburg,
DE,DE922,"DE922 - Diepholz",N,"Rural region",Y,DE012M,Bremen,
DE,DE923,"DE923 - Hameln-Pyrmont",N,"Intermediate region",N,,,
DE,DE925,"DE925 - Hildesheim",N,"Intermediate region",Y,DE542M,Hildesheim,
DE,DE926,"DE926 - Holzminden",N,"Rural region",N,,,
DE,DE927,"DE927 - Nienburg (Weser)",N,"Rural region",N,,,
DE,DE928,"DE928 - Schaumburg",N,"Intermediate region",Y,DE013M,Hannover,
DE,DE929,"DE929 - Region Hannover",N,"Urban region",Y,DE013M,Hannover,
DE,DE931,"DE931 - Celle",N,"Intermediate region",N,,,
DE,DE932,"DE932 - Cuxhaven",Y,"Intermediate region",Y,DE527M,Bremerhaven,
DE,DE933,"DE933 - Harburg",N,"Intermediate region",Y,DE002M,Hamburg,
DE,DE934,"DE934 - Lüchow-Dannenberg",N,"Rural region",N,,,
DE,DE935,"DE935 - Lüneburg, Landkreis",N,"Intermediate region",N,,,
DE,DE936,"DE936 - Osterholz",Y,"Urban region",Y,DE012M,Bremen,
DE,DE937,"DE937 - Rotenburg (Wümme)",N,"Rural region",Y,DE012M,Bremen,
DE,DE938,"DE938 - Soltau-Fallingbostel",N,"Rural region",N,,,
DE,DE939,"DE939 - Stade",Y,"Intermediate region",Y,DE002M,Hamburg,
DE,DE93A,"DE93A - Uelzen",N,"Rural region",N,,,
DE,DE93B,"DE93B - Verden",N,"Intermediate region",Y,DE012M,Bremen,
DE,DE941,"DE941 - Delmenhorst, Kreisfreie Stadt",N,"Urban region",Y,DE012M,Bremen,
DE,DE942,"DE942 - Emden, Kreisfreie Stadt",Y,"Intermediate region",N,,,
DE,DE943,"DE943 - Oldenburg (Oldenburg), Kreisfreie Stadt",Y,"Intermediate region",Y,DE520M,"Oldenburg (Oldenburg)",
DE,DE944,"DE944 - Osnabrück, Kreisfreie Stadt",N,"Intermediate region",Y,DE517M,Osnabrück,
DE,DE945,"DE945 - Wilhelmshaven, Kreisfreie Stadt",Y,"Intermediate region",N,,,
DE,DE946,"DE946 - Ammerland",Y,"Intermediate region",Y,DE520M,"Oldenburg (Oldenburg)",
DE,DE947,"DE947 - Aurich",Y,"Intermediate region",N,,,
DE,DE948,"DE948 - Cloppenburg",N,"Rural region",N,,,
DE,DE949,"DE949 - Emsland",N,"Rural region",N,,,
DE,DE94A,"DE94A - Friesland (DE)",Y,"Intermediate region",N,,,
DE,DE94B,"DE94B - Grafschaft Bentheim",N,"Intermediate region",N,,,
DE,DE94C,"DE94C - Leer",Y,"Intermediate region",N,,,
DE,DE94D,"DE94D - Oldenburg, Landkreis",Y,"Intermediate region",Y,DE520M,"Oldenburg (Oldenburg)",
DE,DE94E,"DE94E - Osnabrück, Landkreis",N,"Intermediate region",Y,DE517M,Osnabrück,
DE,DE94F,"DE94F - Vechta",N,"Rural region",N,,,
DE,DE94G,"DE94G - Wesermarsch",Y,"Rural region",N,,,
DE,DE94H,"DE94H - Wittmund",Y,"Rural region",N,,,
DE,DEA11,"DEA11 - Düsseldorf, Kreisfreie Stadt",N,"Urban region",Y,DE011M,Düsseldorf,
DE,DEA12,"DEA12 - Duisburg, Kreisfreie Stadt",N,"Urban region",Y,DE038M,Ruhrgebiet,
DE,DEA13,"DEA13 - Essen, Kreisfreie Stadt",N,"Urban region",Y,DE038M,Ruhrgebiet,
DE,DEA14,"DEA14 - Krefeld, Kreisfreie Stadt",N,"Urban region",N,,,
DE,DEA15,"DEA15 - Mönchengladbach, Kreisfreie Stadt",N,"Urban region",Y,DE036M,Mönchengladbach,
DE,DEA16,"DEA16 - Mülheim an der Ruhr, Kreisfreie Stadt",N,"Urban region",Y,DE038M,Ruhrgebiet,
DE,DEA17,"DEA17 - Oberhausen, Kreisfreie Stadt",N,"Urban region",Y,DE038M,Ruhrgebiet,
DE,DEA18,"DEA18 - Remscheid, Kreisfreie Stadt",N,"Urban region",N,,,
DE,DEA19,"DEA19 - Solingen, Kreisfreie Stadt",N,"Urban region",N,,,
DE,DEA1A,"DEA1A - Wuppertal, Kreisfreie Stadt",N,"Urban region",Y,DE546M,Wuppertal,
DE,DEA1B,"DEA1B - Kleve",N,"Intermediate region",N,,,
DE,DEA1C,"DEA1C - Mettmann",N,"Urban region",Y,DE011M,Düsseldorf,
DE,DEA1D,"DEA1D - Rhein-Kreis Neuss",N,"Urban region",Y,DE011M,Düsseldorf,
DE,DEA1E,"DEA1E - Viersen",N,"Urban region",N,,,
DE,DEA1F,"DEA1F - Wesel",N,"Urban region",Y,DE038M,Ruhrgebiet,
DE,DEA22,"DEA22 - Bonn, Kreisfreie Stadt",N,"Urban region",Y,DE034M,Bonn,
DE,DEA23,"DEA23 - Köln, Kreisfreie Stadt",N,"Urban region",Y,DE004M,Köln,
DE,DEA24,"DEA24 - Leverkusen, Kreisfreie Stadt",N,"Urban region",Y,DE004M,Köln,
DE,DEA26,"DEA26 - Düren",N,"Intermediate region",N,,,
DE,DEA27,"DEA27 - Rhein-Erft-Kreis",N,"Urban region",Y,DE004M,Köln,
DE,DEA28,"DEA28 - Euskirchen",N,"Intermediate region",N,,,
DE,DEA29,"DEA29 - Heinsberg",N,"Urban region",N,,,
DE,DEA2A,"DEA2A - Oberbergischer Kreis",N,"Urban region",N,,,
DE,DEA2B,"DEA2B - Rheinisch-Bergischer Kreis",N,"Urban region",Y,DE004M,Köln,
DE,DEA2C,"DEA2C - Rhein-Sieg-Kreis",N,"Urban region",Y,DE034M,Bonn,
DE,DEA2D,"DEA2D - Städteregion Aachen",N,"Urban region",Y,DE507M,Aachen,
DE,DEA31,"DEA31 - Bottrop, Kreisfreie Stadt",N,"Urban region",Y,DE038M,Ruhrgebiet,
DE,DEA32,"DEA32 - Gelsenkirchen, Kreisfreie Stadt",N,"Urban region",Y,DE038M,Ruhrgebiet,
DE,DEA33,"DEA33 - Münster, Kreisfreie Stadt",N,"Intermediate region",Y,DE504M,Münster,
DE,DEA34,"DEA34 - Borken",N,"Intermediate region",N,,,
DE,DEA35,"DEA35 - Coesfeld",N,"Intermediate region",Y,DE504M,Münster,
DE,DEA36,"DEA36 - Recklinghausen",N,"Urban region",Y,DE038M,Ruhrgebiet,
DE,DEA37,"DEA37 - Steinfurt",N,"Intermediate region",N,,,
DE,DEA38,"DEA38 - Warendorf",N,"Intermediate region",N,,,
DE,DEA41,"DEA41 - Bielefeld, Kreisfreie Stadt",N,"Urban region",Y,DE017M,Bielefeld,
DE,DEA42,"DEA42 - Gütersloh",N,"Intermediate region",Y,DE017M,Bielefeld,
DE,DEA43,"DEA43 - Herford",N,"Urban region",Y,DE017M,Bielefeld,
DE,DEA44,"DEA44 - Höxter",N,"Rural region",N,,,
DE,DEA45,"DEA45 - Lippe",N,"Intermediate region",Y,DE017M,Bielefeld,
DE,DEA46,"DEA46 - Minden-Lübbecke",N,"Intermediate region",N,,,
DE,DEA47,"DEA47 - Paderborn",N,"Intermediate region",Y,DE523M,Paderborn,
DE,DEA51,"DEA51 - Bochum, Kreisfreie Stadt",N,"Urban region",Y,DE038M,Ruhrgebiet,
DE,DEA52,"DEA52 - Dortmund, Kreisfreie Stadt",N,"Urban region",Y,DE038M,Ruhrgebiet,
DE,DEA53,"DEA53 - Hagen, Kreisfreie Stadt",N,"Urban region",Y,DE038M,Ruhrgebiet,
DE,DEA54,"DEA54 - Hamm, Kreisfreie Stadt",N,"Urban region",Y,DE038M,Ruhrgebiet,
DE,DEA55,"DEA55 - Herne, Kreisfreie Stadt",N,"Urban region",Y,DE038M,Ruhrgebiet,
DE,DEA56,"DEA56 - Ennepe-Ruhr-Kreis",N,"Urban region",Y,DE038M,Ruhrgebiet,
DE,DEA57,"DEA57 - Hochsauerlandkreis",N,"Intermediate region",N,,,
DE,DEA58,"DEA58 - Märkischer Kreis",N,"Urban region",Y,DE045M,Iserlohn,
DE,DEA59,"DEA59 - Olpe",N,"Intermediate region",N,,,
DE,DEA5A,"DEA5A - Siegen-Wittgenstein",N,"Urban region",Y,DE540M,Siegen,
DE,DEA5B,"DEA5B - Soest",N,"Intermediate region",N,,,
DE,DEA5C,"DEA5C - Unna",N,"Urban region",Y,DE038M,Ruhrgebiet,
DE,DEB11,"DEB11 - Koblenz, Kreisfreie Stadt",N,"Intermediate region",Y,DE042M,Koblenz,
DE,DEB12,"DEB12 - Ahrweiler",N,"Intermediate region",N,,,
DE,DEB13,"DEB13 - Altenkirchen (Westerwald)",N,"Intermediate region",Y,DE540M,Siegen,
DE,DEB14,"DEB14 - Bad Kreuznach",N,"Intermediate region",N,,,
DE,DEB15,"DEB15 - Birkenfeld",N,"Rural region",N,,,
DE,DEB16,"DEB16 - Cochem-Zell",N,"Rural region",N,,,
DE,DEB17,"DEB17 - Mayen-Koblenz",N,"Intermediate region",Y,DE042M,Koblenz,
DE,DEB18,"DEB18 - Neuwied",N,"Intermediate region",N,,,
DE,DEB19,"DEB19 - Rhein-Hunsrück-Kreis",N,"Rural region",N,,,
DE,DEB1A,"DEB1A - Rhein-Lahn-Kreis",N,"Intermediate region",N,,,
DE,DEB1B,"DEB1B - Westerwaldkreis",N,"Rural region",N,,,
DE,DEB21,"DEB21 - Trier, Kreisfreie Stadt",N,"Intermediate region",N,,,
DE,DEB22,"DEB22 - Bernkastel-Wittlich",N,"Rural region",N,,,
DE,DEB23,"DEB23 - Eifelkreis Bitburg-Prüm",N,"Rural region",N,,,
DE,DEB24,"DEB24 - Vulkaneifel",N,"Rural region",N,,,
DE,DEB25,"DEB25 - Trier-Saarburg",N,"Intermediate region",N,,,
DE,DEB31,"DEB31 - Frankenthal (Pfalz), Kreisfreie Stadt",N,"Urban region",Y,DE084M,Mannheim-Ludwigshafen,
DE,DEB32,"DEB32 - Kaiserslautern, Kreisfreie Stadt",N,"Intermediate region",Y,DE044M,Kaiserslautern,
DE,DEB33,"DEB33 - Landau in der Pfalz, Kreisfreie Stadt",N,"Intermediate region",N,,,
DE,DEB34,"DEB34 - Ludwigshafen am Rhein, Kreisfreie Stadt",N,"Urban region",Y,DE084M,Mannheim-Ludwigshafen,
DE,DEB35,"DEB35 - Mainz, Kreisfreie Stadt",N,"Urban region",Y,DE037M,Mainz,
DE,DEB36,"DEB36 - Neustadt an der Weinstraße, Kreisfreie Stadt",N,"Intermediate region",Y,DE084M,Mannheim-Ludwigshafen,
DE,DEB37,"DEB37 - Pirmasens, Kreisfreie Stadt",N,"Intermediate region",N,,,
DE,DEB38,"DEB38 - Speyer, Kreisfreie Stadt",N,"Urban region",Y,DE084M,Mannheim-Ludwigshafen,
DE,DEB39,"DEB39 - Worms, Kreisfreie Stadt",N,"Urban region",N,,,
DE,DEB3A,"DEB3A - Zweibrücken, Kreisfreie Stadt",N,"Intermediate region",N,,,
DE,DEB3B,"DEB3B - Alzey-Worms",N,"Rural region",N,,,
DE,DEB3C,"DEB3C - Bad Dürkheim",N,"Intermediate region",Y,DE084M,Mannheim-Ludwigshafen,
DE,DEB3D,"DEB3D - Donnersbergkreis",N,"Rural region",N,,,
DE,DEB3E,"DEB3E - Germersheim",N,"Intermediate region",N,,,
DE,DEB3F,"DEB3F - Kaiserslautern, Landkreis",N,"Intermediate region",Y,DE044M,Kaiserslautern,
DE,DEB3G,"DEB3G - Kusel",N,"Rural region",Y,DE044M,Kaiserslautern,
DE,DEB3H,"DEB3H - Südliche Weinstraße",N,"Intermediate region",N,,,
DE,DEB3I,"DEB3I - Rhein-Pfalz-Kreis",N,"Urban region",Y,DE084M,Mannheim-Ludwigshafen,
DE,DEB3J,"DEB3J - Mainz-Bingen",N,"Urban region",Y,DE037M,Mainz,
DE,DEB3K,"DEB3K - Südwestpfalz",N,"Intermediate region",N,,,
DE,DEC01,"DEC01 - Regionalverband Saarbrücken",N,"Urban region",Y,DE040M,Saarbrücken,
DE,DEC02,"DEC02 - Merzig-Wadern",N,"Intermediate region",N,,,
DE,DEC03,"DEC03 - Neunkirchen",N,"Urban region",Y,DE040M,Saarbrücken,
DE,DEC04,"DEC04 - Saarlouis",N,"Urban region",Y,DE040M,Saarbrücken,
DE,DEC05,"DEC05 - Saarpfalz-Kreis",N,"Intermediate region",Y,DE040M,Saarbrücken,
DE,DEC06,"DEC06 - St. Wendel",N,"Rural region",N,,,
DE,DED21,"DED21 - Dresden, Kreisfreie Stadt",N,"Urban region",Y,DE009M,Dresden,
DE,DED2C,"DED2C - Bautzen",N,"Intermediate region",Y,DE009M,Dresden,
DE,DED2D,"DED2D - Görlitz",N,"Intermediate region",Y,DE074M,Görlitz,
DE,DED2E,"DED2E - Meißen",N,"Urban region",Y,DE009M,Dresden,
DE,DED2F,"DED2F - Sächsische Schweiz-Osterzgebirge",N,"Intermediate region",Y,DE009M,Dresden,
DE,DED41,"DED41 - Chemnitz, Kreisfreie Stadt",N,"Urban region",N,,,
DE,DED42,"DED42 - Erzgebirgskreis",N,"Intermediate region",N,,,
DE,DED43,"DED43 - Mittelsachsen",N,"Intermediate region",N,,,
DE,DED44,"DED44 - Vogtlandkreis",N,"Intermediate region",Y,DE063M,Plauen,
DE,DED45,"DED45 - Zwickau",N,"Intermediate region",Y,DE544M,Zwickau,
DE,DED51,"DED51 - Leipzig, Kreisfreie Stadt",N,"Intermediate region",Y,DE008M,Leipzig,
DE,DED52,"DED52 - Leipzig",N,"Intermediate region",Y,DE008M,Leipzig,
DE,DED53,"DED53 - Nordsachsen",N,"Intermediate region",Y,DE008M,Leipzig,
DE,DEE01,"DEE01 - Dessau-Roßlau, Kreisfreie Stadt",N,"Intermediate region",N,,,
DE,DEE02,"DEE02 - Halle (Saale), Kreisfreie Stadt",N,"Intermediate region",Y,DE018M,"Halle an der Saale",
DE,DEE03,"DEE03 - Magdeburg, Kreisfreie Stadt",N,"Intermediate region",Y,DE019M,Magdeburg,
DE,DEE04,"DEE04 - Altmarkkreis Salzwedel",N,"Rural region",N,,,
DE,DEE05,"DEE05 - Anhalt-Bitterfeld",N,"Intermediate region",N,,,
DE,DEE06,"DEE06 - Jerichower Land",N,"Rural region",Y,DE019M,Magdeburg,
DE,DEE07,"DEE07 - Börde",N,"Intermediate region",Y,DE019M,Magdeburg,
DE,DEE08,"DEE08 - Burgenland (DE)",N,"Rural region",N,,,
DE,DEE09,"DEE09 - Harz",N,"Intermediate region",N,,,
DE,DEE0A,"DEE0A - Mansfeld-Südharz",N,"Rural region",N,,,
DE,DEE0B,"DEE0B - Saalekreis",N,"Intermediate region",Y,DE018M,"Halle an der Saale",
DE,DEE0C,"DEE0C - Salzlandkreis",N,"Intermediate region",N,,,
DE,DEE0D,"DEE0D - Stendal",N,"Rural region",N,,,
DE,DEE0E,"DEE0E - Wittenberg",N,"Intermediate region",N,,,
DE,DEF01,"DEF01 - Flensburg, Kreisfreie Stadt",Y,"Intermediate region",Y,DE052M,Flensburg,
DE,DEF02,"DEF02 - Kiel, Kreisfreie Stadt",Y,"Intermediate region",Y,DE039M,Kiel,
DE,DEF03,"DEF03 - Lübeck, Kreisfreie Stadt",Y,"Intermediate region",Y,DE510M,Lübeck,
DE,DEF04,"DEF04 - Neumünster, Kreisfreie Stadt",Y,"Intermediate region",N,,,
DE,DEF05,"DEF05 - Dithmarschen",Y,"Rural region",N,,,
DE,DEF06,"DEF06 - Herzogtum Lauenburg",N,"Intermediate region",Y,DE002M,Hamburg,
DE,DEF07,"DEF07 - Nordfriesland",Y,"Rural region",N,,,
DE,DEF08,"DEF08 - Ostholstein",Y,"Intermediate region",Y,DE510M,Lübeck,
DE,DEF09,"DEF09 - Pinneberg",N,"Urban region",Y,DE002M,Hamburg,
DE,DEF0A,"DEF0A - Plön",Y,"Intermediate region",Y,DE039M,Kiel,
DE,DEF0B,"DEF0B - Rendsburg-Eckernförde",Y,"Intermediate region",Y,DE039M,Kiel,
DE,DEF0C,"DEF0C - Schleswig-Flensburg",Y,"Intermediate region",Y,DE052M,Flensburg,
DE,DEF0D,"DEF0D - Segeberg",N,"Intermediate region",Y,DE002M,Hamburg,
DE,DEF0E,"DEF0E - Steinburg",N,"Rural region",N,,,
DE,DEF0F,"DEF0F - Stormarn",N,"Intermediate region",Y,DE002M,Hamburg,
DE,DEG01,"DEG01 - Erfurt, Kreisfreie Stadt",N,"Intermediate region",Y,DE032M,Erfurt,
DE,DEG02,"DEG02 - Gera, Kreisfreie Stadt",N,"Intermediate region",N,,,
DE,DEG03,"DEG03 - Jena, Kreisfreie Stadt",N,"Intermediate region",N,,,
DE,DEG04,"DEG04 - Suhl, Kreisfreie Stadt",N,"Rural region",N,,,
DE,DEG05,"DEG05 - Weimar, Kreisfreie Stadt",N,"Intermediate region",N,,,
DE,DEG06,"DEG06 - Eichsfeld",N,"Rural region",N,,,
DE,DEG07,"DEG07 - Nordhausen",N,"Intermediate region",N,,,
DE,DEG09,"DEG09 - Unstrut-Hainich-Kreis",N,"Rural region",N,,,
DE,DEG0A,"DEG0A - Kyffhäuserkreis",N,"Rural region",N,,,
DE,DEG0B,"DEG0B - Schmalkalden-Meiningen",N,"Rural region",N,,,
DE,DEG0C,"DEG0C - Gotha",N,"Rural region",Y,DE032M,Erfurt,
DE,DEG0D,"DEG0D - Sömmerda",N,"Intermediate region",Y,DE032M,Erfurt,
DE,DEG0E,"DEG0E - Hildburghausen",N,"Rural region",N,,,
DE,DEG0F,"DEG0F - Ilm-Kreis",N,"Rural region",Y,DE032M,Erfurt,
DE,DEG0G,"DEG0G - Weimarer Land",N,"Intermediate region",N,,,
DE,DEG0H,"DEG0H - Sonneberg",N,"Intermediate region",N,,,
DE,DEG0I,"DEG0I - Saalfeld-Rudolstadt",N,"Intermediate region",N,,,
DE,DEG0J,"DEG0J - Saale-Holzland-Kreis",N,"Intermediate region",N,,,
DE,DEG0K,"DEG0K - Saale-Orla-Kreis",N,"Rural region",N,,,
DE,DEG0L,"DEG0L - Greiz",N,"Intermediate region",N,,,
DE,DEG0M,"DEG0M - Altenburger Land",N,"Intermediate region",N,,,
DE,DEG0N,"DEG0N - Eisenach, Kreisfreie Stadt",N,"Rural region",N,,,
DE,DEG0P,"DEG0P - Wartburgkreis",N,"Rural region",N,,,
EE,EE001,"EE001 - Põhja-Eesti",Y,"Intermediate region",Y,EE001MC,Tallinn,*
EE,EE004,"EE004 - Lääne-Eesti",Y,"Rural region",N,,,
EE,EE006,"EE006 - Kesk-Eesti",Y,"Rural region",N,,,
EE,EE007,"EE007 - Kirde-Eesti",Y,"Intermediate region",N,,,
EE,EE008,"EE008 - Lõuna-Eesti",N,"Rural region",N,,,
IE,IE011,"IE011 - Border",Y,"Rural region",N,,,
IE,IE012,"IE012 - Midland",N,"Rural region",N,,,
IE,IE013,"IE013 - West",Y,"Rural region",N,,,
IE,IE021,"IE021 - Dublin",Y,"Urban region",Y,IE001MC,Dublin,
IE,IE022,"IE022 - Mid-East",Y,"Rural region",Y,IE001MC,Dublin,
IE,IE023,"IE023 - Mid-West",Y,"Rural region",N,,,
IE,IE024,"IE024 - South-East (IE)",Y,"Rural region",N,,,
IE,IE025,"IE025 - South-West (IE)",Y,"Rural region",Y,IE002M,Cork,
EL,EL111,"EL111 - Evros",Y,"Rural region",N,,,
EL,EL112,"EL112 - Xanthi",Y,"Rural region",N,,,
EL,EL113,"EL113 - Rodopi",Y,"Rural region",N,,,
EL,EL114,"EL114 - Drama",Y,"Rural region",N,,,
EL,EL115,"EL115 - Kavala",Y,"Rural region",N,,,
EL,EL121,"EL121 - Imathia",Y,"Rural region",N,,,
EL,EL122,"EL122 - Thessaloniki",Y,"Urban region",Y,EL002M,Thessaloniki,
EL,EL123,"EL123 - Kilkis",Y,"Rural region",N,,,
EL,EL124,"EL124 - Pella",Y,"Rural region",N,,,
EL,EL125,"EL125 - Pieria",Y,"Rural region",N,,,
EL,EL126,"EL126 - Serres",Y,"Rural region",N,,,
EL,EL127,"EL127 - Chalkidiki",Y,"Rural region",N,,,
EL,EL131,"EL131 - Grevena",N,"Rural region",N,,,
EL,EL132,"EL132 - Kastoria",N,"Rural region",N,,,
EL,EL133,"EL133 - Kozani",N,"Rural region",N,,,
EL,EL134,"EL134 - Florina",N,"Rural region",N,,,
EL,EL141,"EL141 - Karditsa",N,"Rural region",N,,,
EL,EL142,"EL142 - Larisa",Y,"Rural region",N,,,
EL,EL143,"EL143 - Magnisia",Y,"Intermediate region",N,,,
EL,EL144,"EL144 - Trikala",N,"Rural region",N,,,
EL,EL211,"EL211 - Arta",Y,"Rural region",N,,,
EL,EL212,"EL212 - Thesprotia",Y,"Rural region",N,,,
EL,EL213,"EL213 - Ioannina",N,"Intermediate region",N,,,
EL,EL214,"EL214 - Preveza",Y,"Rural region",N,,,
EL,EL221,"EL221 - Zakynthos",Y,"Rural region",N,,,
EL,EL222,"EL222 - Kerkyra",Y,"Rural region",N,,,
EL,EL223,"EL223 - Kefallinia",Y,"Rural region",N,,,
EL,EL224,"EL224 - Lefkada",Y,"Rural region",N,,,
EL,EL231,"EL231 - Aitoloakarnania",Y,"Rural region",N,,,
EL,EL232,"EL232 - Achaia",Y,"Intermediate region",N,,,
EL,EL233,"EL233 - Ileia",Y,"Rural region",N,,,
EL,EL241,"EL241 - Voiotia",Y,"Rural region",N,,,
EL,EL242,"EL242 - Evvoia",Y,"Rural region",N,,,
EL,EL243,"EL243 - Evrytania",Y,"Rural region",N,,,
EL,EL244,"EL244 - Fthiotida",Y,"Rural region",N,,,
EL,EL245,"EL245 - Fokida",Y,"Rural region",N,,,
EL,EL251,"EL251 - Argolida",Y,"Rural region",N,,,
EL,EL252,"EL252 - Arkadia",Y,"Rural region",N,,,
EL,EL253,"EL253 - Korinthia",Y,"Rural region",N,,,
EL,EL254,"EL254 - Lakonia",Y,"Rural region",N,,,
EL,EL255,"EL255 - Messinia",Y,"Rural region",N,,,
EL,EL300,"EL300 - Attiki",Y,"Urban region",Y,EL001MC,Athina,
EL,EL411,"EL411 - Lesvos",Y,"Rural region",N,,,
EL,EL412,"EL412 - Samos",Y,"Rural region",N,,,
EL,EL413,"EL413 - Chios",Y,"Rural region",N,,,
EL,EL421,"EL421 - Dodekanisos",Y,"Rural region",N,,,
EL,EL422,"EL422 - Kyklades",Y,"Rural region",N,,,
EL,EL431,"EL431 - Irakleio",Y,"Intermediate region",N,,,
EL,EL432,"EL432 - Lasithi",Y,"Rural region",N,,,
EL,EL433,"EL433 - Rethymni",Y,"Rural region",N,,,
EL,EL434,"EL434 - Chania",Y,"Intermediate region",N,,,
ES,ES111,"ES111 - A Coruña",Y,"Intermediate region",Y,ES026M,"Coruña (A)",
ES,ES112,"ES112 - Lugo",Y,"Rural region",N,,,
ES,ES113,"ES113 - Ourense",N,"Rural region",N,,,
ES,ES114,"ES114 - Pontevedra",Y,"Intermediate region",Y,ES022M,Vigo,
ES,ES120,"ES120 - Asturias",Y,"Intermediate region",Y,ES013M,Oviedo,
ES,ES130,"ES130 - Cantabria",Y,"Intermediate region",Y,ES015M,Santander,
ES,ES211,"ES211 - Álava",N,"Urban region",Y,ES012M,Vitoria/Gasteiz,
ES,ES212,"ES212 - Guipúzcoa",Y,"Urban region",Y,ES510M,"Donostia-San Sebastián",
ES,ES213,"ES213 - Vizcaya",Y,"Urban region",Y,ES019M,Bilbao,
ES,ES220,"ES220 - Navarra",N,"Intermediate region",Y,ES014M,Pamplona/Iruña,
ES,ES230,"ES230 - La Rioja",N,"Intermediate region",N,,,
ES,ES241,"ES241 - Huesca",N,"Rural region",N,,,
ES,ES242,"ES242 - Teruel",N,"Rural region",N,,,
ES,ES243,"ES243 - Zaragoza",N,"Urban region",Y,ES005M,Zaragoza,
ES,ES300,"ES300 - Madrid",N,"Urban region",Y,ES001MC,Madrid,
ES,ES411,"ES411 - Ávila",N,"Rural region",N,,,
ES,ES412,"ES412 - Burgos",N,"Intermediate region",N,,,
ES,ES413,"ES413 - León",N,"Intermediate region",N,,,
ES,ES414,"ES414 - Palencia",N,"Intermediate region",N,,,
ES,ES415,"ES415 - Salamanca",N,"Intermediate region",N,,,
ES,ES416,"ES416 - Segovia",N,"Rural region",N,,,
ES,ES417,"ES417 - Soria",N,"Rural region",N,,,
ES,ES418,"ES418 - Valladolid",N,"Intermediate region",Y,ES009M,Valladolid,
ES,ES419,"ES419 - Zamora",N,"Rural region",N,,,
ES,ES421,"ES421 - Albacete",N,"Intermediate region",N,,,
ES,ES422,"ES422 - Ciudad Real",N,"Intermediate region",N,,,
ES,ES423,"ES423 - Cuenca",N,"Rural region",N,,,
ES,ES424,"ES424 - Guadalajara",N,"Intermediate region",N,,,
ES,ES425,"ES425 - Toledo",N,"Rural region",N,,,
ES,ES431,"ES431 - Badajoz",N,"Intermediate region",N,,,
ES,ES432,"ES432 - Cáceres",N,"Rural region",N,,,
ES,ES511,"ES511 - Barcelona",Y,"Urban region",Y,ES002M,Barcelona,
ES,ES512,"ES512 - Girona",Y,"Intermediate region",N,,,
ES,ES513,"ES513 - Lleida",N,"Rural region",N,,,
ES,ES514,"ES514 - Tarragona",Y,"Intermediate region",N,,,
ES,ES521,"ES521 - Alicante / Alacant",Y,"Urban region",Y,ES021M,Alicante/Alacant,
ES,ES522,"ES522 - Castellón / Castelló",Y,"Intermediate region",N,,,
ES,ES523,"ES523 - Valencia / València",Y,"Urban region",Y,ES003M,Valencia,
ES,ES531,"ES531 - Eivissa, Formentera",Y,"Intermediate region",N,,,
ES,ES532,"ES532 - Mallorca",Y,"Intermediate region",Y,ES010M,"Palma de Mallorca",
ES,ES533,"ES533 - Menorca",Y,"Intermediate region",N,,,
ES,ES611,"ES611 - Almería",Y,"Intermediate region",N,,,
ES,ES612,"ES612 - Cádiz",Y,"Urban region",Y,ES522M,Cádiz,
ES,ES613,"ES613 - Córdoba",N,"Intermediate region",Y,ES020M,Córdoba,
ES,ES614,"ES614 - Granada",Y,"Intermediate region",Y,ES501M,Granada,
ES,ES615,"ES615 - Huelva",Y,"Intermediate region",N,,,
ES,ES616,"ES616 - Jaén",N,"Intermediate region",N,,,
ES,ES617,"ES617 - Málaga",Y,"Urban region",Y,ES006M,Málaga,
ES,ES618,"ES618 - Sevilla",N,"Urban region",Y,ES004M,Sevilla,
ES,ES620,"ES620 - Murcia",Y,"Urban region",Y,ES007M,Murcia,
ES,ES630,"ES630 - Ceuta (ES)",Y,"Urban region",N,,,
ES,ES640,"ES640 - Melilla (ES)",Y,"Urban region",N,,,
ES,ES703,"ES703 - El Hierro",Y,"Rural region",N,,,
ES,ES704,"ES704 - Fuerteventura",Y,"Intermediate region",N,,,
ES,ES705,"ES705 - Gran Canaria",Y,"Urban region",Y,ES008M,"Las Palmas",
ES,ES706,"ES706 - La Gomera",Y,"Rural region",N,,,
ES,ES707,"ES707 - La Palma",Y,"Intermediate region",N,,,
ES,ES708,"ES708 - Lanzarote",Y,"Intermediate region",N,,,
ES,ES709,"ES709 - Tenerife",Y,"Urban region",Y,ES025M,"Santa Cruz de Tenerife",
FR,FR101,"FR101 - Paris",N,"Urban region",Y,FR001MC,Paris,
FR,FR102,"FR102 - Seine-et-Marne",N,"Intermediate region",Y,FR001MC,Paris,
FR,FR103,"FR103 - Yvelines",N,"Urban region",Y,FR001MC,Paris,
FR,FR104,"FR104 - Essonne",N,"Urban region",Y,FR001MC,Paris,
FR,FR105,"FR105 - Hauts-de-Seine",N,"Urban region",Y,FR001MC,Paris,
FR,FR106,"FR106 - Seine-Saint-Denis",N,"Urban region",Y,FR001MC,Paris,
FR,FR107,"FR107 - Val-de-Marne",N,"Urban region",Y,FR001MC,Paris,
FR,FR108,"FR108 - Val-d'Oise",N,"Urban region",Y,FR001MC,Paris,
FR,FR211,"FR211 - Ardennes",N,"Rural region",N,,,
FR,FR212,"FR212 - Aube",N,"Rural region",N,,,
FR,FR213,"FR213 - Marne",N,"Intermediate region",Y,FR018M,Reims,
FR,FR214,"FR214 - Haute-Marne",N,"Rural region",N,,,
FR,FR221,"FR221 - Aisne",N,"Rural region",N,,,
FR,FR222,"FR222 - Oise",N,"Intermediate region",N,,,
FR,FR223,"FR223 - Somme",Y,"Rural region",Y,FR014M,Amiens,
FR,FR231,"FR231 - Eure",Y,"Rural region",N,,,
FR,FR232,"FR232 - Seine-Maritime",Y,"Intermediate region",Y,FR015M,Rouen,
FR,FR241,"FR241 - Cher",N,"Rural region",N,,,
FR,FR242,"FR242 - Eure-et-Loir",N,"Rural region",N,,,
FR,FR243,"FR243 - Indre",N,"Rural region",N,,,
FR,FR244,"FR244 - Indre-et-Loire",N,"Intermediate region",Y,FR035M,Tours,
FR,FR245,"FR245 - Loir-et-Cher",N,"Rural region",N,,,
FR,FR246,"FR246 - Loiret",N,"Intermediate region",Y,FR019M,Orléans,
FR,FR251,"FR251 - Calvados",Y,"Intermediate region",Y,FR023M,Caen,
FR,FR252,"FR252 - Manche",Y,"Rural region",N,,,
FR,FR253,"FR253 - Orne",N,"Rural region",N,,,
FR,FR261,"FR261 - Côte-d'Or",N,"Intermediate region",Y,FR020M,Dijon,
FR,FR262,"FR262 - Nièvre",N,"Rural region",N,,,
FR,FR263,"FR263 - Saône-et-Loire",N,"Rural region",N,,,
FR,FR264,"FR264 - Yonne",N,"Rural region",N,,,
FR,FR301,"FR301 - Nord (FR)",Y,"Urban region",Y,FR009M,Lille,
FR,FR302,"FR302 - Pas-de-Calais",Y,"Intermediate region",N,,,
FR,FR411,"FR411 - Meurthe-et-Moselle",N,"Intermediate region",Y,FR016M,Nancy,
FR,FR412,"FR412 - Meuse",N,"Rural region",N,,,
FR,FR413,"FR413 - Moselle",N,"Intermediate region",N,,,
FR,FR414,"FR414 - Vosges",N,"Rural region",N,,,
FR,FR421,"FR421 - Bas-Rhin",N,"Intermediate region",Y,FR006M,Strasbourg,
FR,FR422,"FR422 - Haut-Rhin",N,"Intermediate region",Y,FR040M,Mulhouse,
FR,FR431,"FR431 - Doubs",N,"Intermediate region",Y,FR025M,Besançon,
FR,FR432,"FR432 - Jura",N,"Rural region",N,,,
FR,FR433,"FR433 - Haute-Saône",N,"Rural region",N,,,
FR,FR434,"FR434 - Territoire de Belfort",N,"Intermediate region",N,,,
FR,FR511,"FR511 - Loire-Atlantique",Y,"Urban region",Y,FR008M,Nantes,
FR,FR512,"FR512 - Maine-et-Loire",N,"Intermediate region",Y,FR036M,Angers,
FR,FR513,"FR513 - Mayenne",N,"Rural region",N,,,
FR,FR514,"FR514 - Sarthe",N,"Rural region",Y,FR038M,"Le Mans",
FR,FR515,"FR515 - Vendée",Y,"Rural region",N,,,
FR,FR521,"FR521 - Côtes-d'Armor",Y,"Rural region",N,,,
FR,FR522,"FR522 - Finistère",Y,"Rural region",Y,FR037M,Brest,
FR,FR523,"FR523 - Ille-et-Vilaine",Y,"Intermediate region",Y,FR013M,Rennes,
FR,FR524,"FR524 - Morbihan",Y,"Rural region",Y,FR021M,Poitiers,
FR,FR531,"FR531 - Charente",N,"Rural region",N,,,
FR,FR532,"FR532 - Charente-Maritime",Y,"Rural region",N,,,
FR,FR533,"FR533 - Deux-Sèvres",N,"Rural region",N,,,
FR,FR534,"FR534 - Vienne",N,"Rural region",N,,,
FR,FR611,"FR611 - Dordogne",N,"Rural region",N,,,
FR,FR612,"FR612 - Gironde",Y,"Urban region",Y,FR007M,Bordeaux,
FR,FR613,"FR613 - Landes",Y,"Rural region",N,,,
FR,FR614,"FR614 - Lot-et-Garonne",N,"Rural region",N,,,
FR,FR615,"FR615 - Pyrénées-Atlantiques",Y,"Intermediate region",Y,FR045M,Pau,
FR,FR621,"FR621 - Ariège",N,"Rural region",N,,,
FR,FR622,"FR622 - Aveyron",N,"Rural region",N,,,
FR,FR623,"FR623 - Haute-Garonne",N,"Urban region",Y,FR004M,Toulouse,
FR,FR624,"FR624 - Gers",N,"Rural region",N,,,
FR,FR625,"FR625 - Lot",N,"Rural region",N,,,
FR,FR626,"FR626 - Hautes-Pyrénées",N,"Rural region",N,,,
FR,FR627,"FR627 - Tarn",N,"Rural region",N,,,
FR,FR628,"FR628 - Tarn-et-Garonne",N,"Rural region",N,,,
FR,FR631,"FR631 - Corrèze",N,"Rural region",N,,,
FR,FR632,"FR632 - Creuse",N,"Rural region",N,,,
FR,FR633,"FR633 - Haute-Vienne",N,"Rural region",Y,FR024M,Limoges,
FR,FR711,"FR711 - Ain",N,"Rural region",N,,,
FR,FR712,"FR712 - Ardèche",N,"Rural region",N,,,
FR,FR713,"FR713 - Drôme",N,"Rural region",N,,,
FR,FR714,"FR714 - Isère",N,"Intermediate region",Y,FR026M,Grenoble,
FR,FR715,"FR715 - Loire",N,"Intermediate region",Y,FR011M,Saint-Etienne,
FR,FR716,"FR716 - Rhône",N,"Urban region",Y,FR003M,Lyon,
FR,FR717,"FR717 - Savoie",N,"Rural region",N,,,
FR,FR718,"FR718 - Haute-Savoie",N,"Intermediate region",N,,,
FR,FR721,"FR721 - Allier",N,"Rural region",N,,,
FR,FR722,"FR722 - Cantal",N,"Rural region",N,,,
FR,FR723,"FR723 - Haute-Loire",N,"Rural region",N,,,
FR,FR724,"FR724 - Puy-de-Dôme",N,"Intermediate region",Y,FR022M,Clermont-Ferrand,
FR,FR811,"FR811 - Aude",Y,"Rural region",N,,,
FR,FR812,"FR812 - Gard",Y,"Intermediate region",Y,FR044M,Nimes,
FR,FR813,"FR813 - Hérault",Y,"Intermediate region",Y,FR010M,Montpellier,
FR,FR814,"FR814 - Lozère",N,"Rural region",N,,,
FR,FR815,"FR815 - Pyrénées-Orientales",Y,"Intermediate region",Y,FR043M,Perpignan,
FR,FR821,"FR821 - Alpes-de-Haute-Provence",N,"Rural region",N,,,
FR,FR822,"FR822 - Hautes-Alpes",N,"Rural region",N,,,
FR,FR823,"FR823 - Alpes-Maritimes",Y,"Urban region",Y,FR205M,Nice,
FR,FR824,"FR824 - Bouches-du-Rhône",Y,"Urban region",Y,FR203M,Marseille,
FR,FR825,"FR825 - Var",Y,"Intermediate region",Y,FR032M,Toulon,
FR,FR826,"FR826 - Vaucluse",N,"Intermediate region",Y,FR039M,Avignon,
FR,FR831,"FR831 - Corse-du-Sud",Y,"Rural region",N,,,
FR,FR832,"FR832 - Haute-Corse",Y,"Rural region",N,,,
FR,FR910,"FR910 - Guadeloupe (FR)",Y,"Intermediate region",N,,,
FR,FR920,"FR920 - Martinique (FR)",Y,"Intermediate region",N,,,
FR,FR930,"FR930 - Guyane (FR)",Y,"Intermediate region",N,,,
FR,FR940,"FR940 - Réunion (FR)",Y,"Urban region",N,,,
HR,HR031,"HR031 - Primorsko-goranska zupanija",Y,"Intermediate region",N,,,
HR,HR032,"HR032 - Licko-senjska zupanija",Y,"Rural region",N,,,
HR,HR033,"HR033 - Zadarska zupanija",Y,"Rural region",N,,,
HR,HR034,"HR034 - Sibensko-kninska zupanija",Y,"Rural region",N,,,
HR,HR035,"HR035 - Splitsko-dalmatinska zupanija",Y,"Intermediate region",Y,HR005M,Split,
HR,HR036,"HR036 - Istarska zupanija",Y,"Rural region",N,,,
HR,HR037,"HR037 - Dubrovacko-neretvanska zupanija",Y,"Rural region",N,,,
HR,HR041,"HR041 - Grad Zagreb",N,"Urban region",Y,HR001MC,Zagreb,
HR,HR042,"HR042 - Zagrebacka zupanija",N,"Intermediate region",Y,HR001MC,Zagreb,
HR,HR043,"HR043 - Krapinsko-zagorska zupanija",N,"Rural region",N,,,
HR,HR044,"HR044 - Varazdinska zupanija",N,"Rural region",N,,,
HR,HR045,"HR045 - Koprivnicko-krizevacka zupanija",N,"Rural region",N,,,
HR,HR046,"HR046 - Medimurska zupanija",N,"Rural region",N,,,
HR,HR047,"HR047 - Bjelovarsko-bilogorska zupanija",N,"Rural region",N,,,
HR,HR048,"HR048 - Viroviticko-podravska zupanija",N,"Rural region",N,,,
HR,HR049,"HR049 - Pozesko-slavonska zupanija",N,"Rural region",N,,,
HR,HR04A,"HR04A - Brodsko-posavska zupanija",N,"Rural region",N,,,
HR,HR04B,"HR04B - Osjecko-baranjska zupanija",N,"Rural region",N,,,
HR,HR04C,"HR04C - Vukovarsko-srijemska zupanija",N,"Rural region",N,,,
HR,HR04D,"HR04D - Karlovacka zupanija",N,"Rural region",N,,,
HR,HR04E,"HR04E - Sisacko-moslavacka zupanija",N,"Rural region",N,,,
IT,ITC11,"ITC11 - Torino",N,"Urban region",Y,IT004M,Torino,
IT,ITC12,"ITC12 - Vercelli",N,"Rural region",N,,,
IT,ITC13,"ITC13 - Biella",N,"Intermediate region",N,,,
IT,ITC14,"ITC14 - Verbano-Cusio-Ossola",N,"Intermediate region",N,,,
IT,ITC15,"ITC15 - Novara",N,"Intermediate region",N,,,
IT,ITC16,"ITC16 - Cuneo",N,"Rural region",N,,,
IT,ITC17,"ITC17 - Asti",N,"Rural region",N,,,
IT,ITC18,"ITC18 - Alessandria",N,"Rural region",N,,,
IT,ITC20,"ITC20 - Valle d'Aosta/Vallée d'Aoste",N,"Intermediate region",N,,,
IT,ITC31,"ITC31 - Imperia",Y,"Intermediate region",N,,,
IT,ITC32,"ITC32 - Savona",Y,"Intermediate region",N,,,
IT,ITC33,"ITC33 - Genova",Y,"Urban region",Y,IT006M,Genova,
IT,ITC34,"ITC34 - La Spezia",Y,"Urban region",N,,,
IT,ITC41,"ITC41 - Varese",N,"Urban region",N,,,
IT,ITC42,"ITC42 - Como",N,"Urban region",N,,,
IT,ITC43,"ITC43 - Lecco",N,"Urban region",N,,,
IT,ITC44,"ITC44 - Sondrio",N,"Rural region",N,,,
IT,ITC46,"ITC46 - Bergamo",N,"Urban region",N,,,
IT,ITC47,"ITC47 - Brescia",N,"Intermediate region",Y,IT029M,Brescia,
IT,ITC48,"ITC48 - Pavia",N,"Intermediate region",N,,,
IT,ITC49,"ITC49 - Lodi",N,"Intermediate region",Y,IT002M,Milano,
IT,ITC4A,"ITC4A - Cremona",N,"Intermediate region",N,,,
IT,ITC4B,"ITC4B - Mantova",N,"Rural region",N,,,
IT,ITC4C,"ITC4C - Milano",N,"Urban region",Y,IT002M,Milano,
IT,ITC4D,"ITC4D - Monza e della Brianza",N,"Urban region",Y,IT002M,Milano,
IT,ITF11,"ITF11 - L'Aquila",N,"Rural region",N,,,
IT,ITF12,"ITF12 - Teramo",Y,"Rural region",N,,,
IT,ITF13,"ITF13 - Pescara",Y,"Intermediate region",N,,,
IT,ITF14,"ITF14 - Chieti",Y,"Rural region",N,,,
IT,ITF21,"ITF21 - Isernia",N,"Rural region",N,,,
IT,ITF22,"ITF22 - Campobasso",Y,"Rural region",N,,,
IT,ITF31,"ITF31 - Caserta",Y,"Urban region",N,,,
IT,ITF32,"ITF32 - Benevento",Y,"Rural region",N,,,
IT,ITF33,"ITF33 - Napoli",Y,"Urban region",Y,IT003M,Napoli,
IT,ITF34,"ITF34 - Avellino",Y,"Intermediate region",N,,,
IT,ITF35,"ITF35 - Salerno",Y,"Intermediate region",N,,,
IT,ITF43,"ITF43 - Taranto",Y,"Intermediate region",Y,IT022M,Taranto,
IT,ITF44,"ITF44 - Brindisi",Y,"Intermediate region",N,,,
IT,ITF45,"ITF45 - Lecce",Y,"Intermediate region",N,,,
IT,ITF46,"ITF46 - Foggia",Y,"Rural region",N,,,
IT,ITF47,"ITF47 - Bari",Y,"Intermediate region",Y,IT008M,Bari,
IT,ITF48,"ITF48 - Barletta-Andria-Trani",Y,"Intermediate region",N,,,
IT,ITF51,"ITF51 - Potenza",Y,"Rural region",N,,,
IT,ITF52,"ITF52 - Matera",Y,"Rural region",N,,,
IT,ITF61,"ITF61 - Cosenza",Y,"Rural region",N,,,
IT,ITF62,"ITF62 - Crotone",Y,"Rural region",N,,,
IT,ITF63,"ITF63 - Catanzaro",Y,"Rural region",N,,,
IT,ITF64,"ITF64 - Vibo Valentia",Y,"Rural region",N,,,
IT,ITF65,"ITF65 - Reggio di Calabria",Y,"Intermediate region",N,,,
IT,ITG11,"ITG11 - Trapani",Y,"Intermediate region",N,,,
IT,ITG12,"ITG12 - Palermo",Y,"Urban region",Y,IT005M,Palermo,
IT,ITG13,"ITG13 - Messina",Y,"Intermediate region",Y,IT501M,Messina,
IT,ITG14,"ITG14 - Agrigento",Y,"Intermediate region",N,,,
IT,ITG15,"ITG15 - Caltanissetta",Y,"Intermediate region",N,,,
IT,ITG16,"ITG16 - Enna",Y,"Rural region",N,,,
IT,ITG17,"ITG17 - Catania",Y,"Urban region",Y,IT010M,Catania,
IT,ITG18,"ITG18 - Ragusa",Y,"Intermediate region",N,,,
IT,ITG19,"ITG19 - Siracusa",Y,"Intermediate region",N,,,
IT,ITG25,"ITG25 - Sassari",Y,"Rural region",N,,,
IT,ITG26,"ITG26 - Nuoro",Y,"Rural region",N,,,
IT,ITG27,"ITG27 - Cagliari",Y,"Intermediate region",Y,IT027M,Cagliari,
IT,ITG28,"ITG28 - Oristano",Y,"Rural region",N,,,
IT,ITG29,"ITG29 - Olbia-Tempio",Y,"Rural region",N,,,
IT,ITG2A,"ITG2A - Ogliastra",Y,"Rural region",N,,,
IT,ITG2B,"ITG2B - Medio Campidano",Y,"Rural region",N,,,
IT,ITG2C,"ITG2C - Carbonia-Iglesias",Y,"Rural region",N,,,
IT,ITH10,"ITH10 - Bolzano-Bozen",N,"Rural region",N,,,
IT,ITH20,"ITH20 - Trento",N,"Intermediate region",N,,,
IT,ITH31,"ITH31 - Verona",N,"Intermediate region",Y,IT012M,Verona,
IT,ITH32,"ITH32 - Vicenza",N,"Intermediate region",N,,,
IT,ITH33,"ITH33 - Belluno",N,"Rural region",N,,,
IT,ITH34,"ITH34 - Treviso",Y,"Intermediate region",N,,,
IT,ITH35,"ITH35 - Venezia",Y,"Intermediate region",Y,IT011M,Venezia,
IT,ITH36,"ITH36 - Padova",Y,"Intermediate region",Y,IT028M,Padova,
IT,ITH37,"ITH37 - Rovigo",Y,"Rural region",N,,,
IT,ITH41,"ITH41 - Pordenone",Y,"Intermediate region",N,,,
IT,ITH42,"ITH42 - Udine",Y,"Rural region",N,,,
IT,ITH43,"ITH43 - Gorizia",Y,"Urban region",N,,,
IT,ITH44,"ITH44 - Trieste",Y,"Urban region",N,,,
IT,ITH51,"ITH51 - Piacenza",N,"Rural region",N,,,
IT,ITH52,"ITH52 - Parma",N,"Intermediate region",Y,IT503M,Parma,
IT,ITH53,"ITH53 - Reggio nell'Emilia",N,"Intermediate region",N,,,
IT,ITH54,"ITH54 - Modena",N,"Intermediate region",Y,IT030M,Modena,
IT,ITH55,"ITH55 - Bologna",N,"Intermediate region",Y,IT009M,Bologna,
IT,ITH56,"ITH56 - Ferrara",Y,"Rural region",N,,,
IT,ITH57,"ITH57 - Ravenna",Y,"Intermediate region",N,,,
IT,ITH58,"ITH58 - Forlì-Cesena",Y,"Intermediate region",N,,,
IT,ITH59,"ITH59 - Rimini",Y,"Intermediate region",N,,,
IT,ITI11,"ITI11 - Massa-Carrara",Y,"Intermediate region",N,,,
IT,ITI12,"ITI12 - Lucca",Y,"Urban region",N,,,
IT,ITI13,"ITI13 - Pistoia",N,"Urban region",N,,,
IT,ITI14,"ITI14 - Firenze",N,"Intermediate region",Y,IT007M,Firenze,
IT,ITI15,"ITI15 - Prato",N,"Urban region",Y,IT502M,Prato,
IT,ITI16,"ITI16 - Livorno",Y,"Intermediate region",N,,,
IT,ITI17,"ITI17 - Pisa",Y,"Intermediate region",N,,,
IT,ITI18,"ITI18 - Arezzo",N,"Rural region",N,,,
IT,ITI19,"ITI19 - Siena",N,"Rural region",N,,,
IT,ITI1A,"ITI1A - Grosseto",Y,"Rural region",N,,,
IT,ITI21,"ITI21 - Perugia",N,"Intermediate region",N,,,
IT,ITI22,"ITI22 - Terni",N,"Intermediate region",N,,,
IT,ITI31,"ITI31 - Pesaro e Urbino",Y,"Rural region",N,,,
IT,ITI32,"ITI32 - Ancona",Y,"Intermediate region",N,,,
IT,ITI33,"ITI33 - Macerata",Y,"Rural region",N,,,
IT,ITI34,"ITI34 - Ascoli Piceno",Y,"Intermediate region",N,,,
IT,ITI35,"ITI35 - Fermo",Y,"Intermediate region",N,,,
IT,ITI41,"ITI41 - Viterbo",Y,"Rural region",N,,,
IT,ITI42,"ITI42 - Rieti",N,"Rural region",N,,,
IT,ITI43,"ITI43 - Roma",Y,"Urban region",Y,IT001MC,Roma,
IT,ITI44,"ITI44 - Latina",Y,"Intermediate region",N,,,
IT,ITI45,"ITI45 - Frosinone",Y,"Rural region",N,,,
CY,CY000,"CY000 - Kypros",Y,"Intermediate region",Y,CY001MC,Lefkosia,
LV,LV003,"LV003 - Kurzeme",Y,"Intermediate region",N,,,
LV,LV005,"LV005 - Latgale",N,"Rural region",N,,,
LV,LV006,"LV006 - Riga",Y,"Urban region",Y,LV001MC,R?ga,
LV,LV007,"LV007 - Pieriga",Y,"Urban region",Y,LV001MC,R?ga,
LV,LV008,"LV008 - Vidzeme",N,"Rural region",N,,,
LV,LV009,"LV009 - Zemgale",N,"Rural region",N,,,
LT,LT001,"LT001 - Alytaus apskritis",N,"Rural region",N,,,
LT,LT002,"LT002 - Kauno apskritis",N,"Intermediate region",Y,LT002M,Kaunas,
LT,LT003,"LT003 - Klaip?dos apskritis",Y,"Intermediate region",N,,,
LT,LT004,"LT004 - Marijampol?s apskritis",N,"Rural region",N,,,
LT,LT005,"LT005 - Panev?io apskritis",N,"Rural region",N,,,
LT,LT006,"LT006 - iauli? apskritis",N,"Rural region",N,,,
LT,LT007,"LT007 - Taurag?s apskritis",N,"Rural region",N,,,
LT,LT008,"LT008 -  Teli? apskritis",N,"Rural region",N,,,
LT,LT009,"LT009 - Utenos apskritis",N,"Rural region",N,,,
LT,LT00A,"LT00A - Vilniaus apskritis",N,"Urban region",Y,LT001MC,Vilnius,
LU,LU000,"LU000 - Luxembourg",N,"Intermediate region",Y,LU001MC,Luxembourg,
HU,HU101,"HU101 - Budapest",N,"Urban region",Y,HU001MC,Budapest,
HU,HU102,"HU102 - Pest",N,"Intermediate region",Y,HU001MC,Budapest,
HU,HU211,"HU211 - Fejér",N,"Rural region",Y,HU009M,Székesfehérvár,
HU,HU212,"HU212 - Komárom-Esztergom",N,"Intermediate region",N,,,
HU,HU213,"HU213 - Veszprém",N,"Rural region",N,,,
HU,HU221,"HU221 - Gyor-Moson-Sopron",N,"Rural region",N,,,
HU,HU222,"HU222 - Vas",N,"Rural region",N,,,
HU,HU223,"HU223 - Zala",N,"Rural region",N,,,
HU,HU231,"HU231 - Baranya",N,"Intermediate region",Y,HU004M,Pécs,
HU,HU232,"HU232 - Somogy",N,"Rural region",N,,,
HU,HU233,"HU233 - Tolna",N,"Rural region",N,,,
HU,HU311,"HU311 - Borsod-Abaúj-Zemplén",N,"Intermediate region",Y,HU002M,Miskolc,
HU,HU312,"HU312 - Heves",N,"Rural region",N,,,
HU,HU313,"HU313 - Nógrád",N,"Rural region",N,,,
HU,HU321,"HU321 - Hajdú-Bihar",N,"Intermediate region",Y,HU005M,Debrecen,
HU,HU322,"HU322 - Jász-Nagykun-Szolnok",N,"Rural region",N,,,
HU,HU323,"HU323 - Szabolcs-Szatmár-Bereg",N,"Rural region",N,,,
HU,HU331,"HU331 - Bács-Kiskun",N,"Rural region",N,,,
HU,HU332,"HU332 - Békés",N,"Rural region",N,,,
HU,HU333,"HU333 - Csongrád",N,"Intermediate region",N,,,
MT,MT001,"MT001 - Malta",Y,"Urban region",Y,MT001MC,Valletta,
MT,MT002,"MT002 - Gozo and Comino / Ghawdex u Kemmuna",Y,"Urban region",N,,,
NL,NL111,"NL111 - Oost-Groningen",Y,"Intermediate region",N,,,
NL,NL112,"NL112 - Delfzijl en omgeving",Y,"Intermediate region",Y,NL007M,Groningen,
NL,NL113,"NL113 - Overig Groningen",Y,"Intermediate region",Y,NL007M,Groningen,
NL,NL121,"NL121 - Noord-Friesland",Y,"Intermediate region",N,,,
NL,NL122,"NL122 - Zuidwest-Friesland",Y,"Intermediate region",N,,,
NL,NL123,"NL123 - Zuidoost-Friesland",Y,"Intermediate region",N,,,
NL,NL131,"NL131 - Noord-Drenthe",Y,"Intermediate region",N,,,
NL,NL132,"NL132 - Zuidoost-Drenthe",N,"Intermediate region",N,,,
NL,NL133,"NL133 - Zuidwest-Drenthe",N,"Intermediate region",N,,,
NL,NL211,"NL211 - Noord-Overijssel",N,"Intermediate region",N,,,
NL,NL212,"NL212 - Zuidwest-Overijssel",N,"Urban region",N,,,
NL,NL213,"NL213 - Twente",N,"Urban region",Y,NL008M,Enschede,
NL,NL221,"NL221 - Veluwe",N,"Urban region",N,,,
NL,NL224,"NL224 - Zuidwest-Gelderland",N,"Intermediate region",N,,,
NL,NL225,"NL225 - Achterhoek",N,"Intermediate region",N,,,
NL,NL226,"NL226 - Arnhem/Nijmegen",N,"Urban region",Y,NL009M,Arnhem,
NL,NL230,"NL230 - Flevoland",N,"Urban region",Y,NL002MC,Amsterdam,
NL,NL310,"NL310 - Utrecht",N,"Urban region",Y,NL004M,Utrecht,
NL,NL321,"NL321 - Kop van Noord-Holland",Y,"Intermediate region",Y,NL002MC,Amsterdam,
NL,NL322,"NL322 - Alkmaar en omgeving",Y,"Urban region",N,,,
NL,NL323,"NL323 - IJmond",Y,"Urban region",Y,NL002MC,Amsterdam,
NL,NL324,"NL324 - Agglomeratie Haarlem",Y,"Urban region",N,,,
NL,NL325,"NL325 - Zaanstreek",Y,"Urban region",Y,NL002MC,Amsterdam,
NL,NL326,"NL326 - Groot-Amsterdam",Y,"Urban region",Y,NL002MC,Amsterdam,
NL,NL327,"NL327 - Het Gooi en Vechtstreek",Y,"Urban region",N,,,
NL,NL332,"NL332 - Agglomeratie 's-Gravenhage",Y,"Urban region",Y,NL001M,"s' Gravenhage",
NL,NL333,"NL333 - Delft en Westland",Y,"Urban region",N,,,
NL,NL337,"NL337 - Agglomeratie Leiden en Bollenstreek",Y,"Urban region",N,,,
NL,NL338,"NL338 - Oost-Zuid-Holland",Y,"Urban region",N,,,
NL,NL339,"NL339 - Groot-Rijnmond",Y,"Urban region",Y,NL003M,Rotterdam,
NL,NL33A,"NL33A - Zuidoost-Zuid-Holland",N,"Urban region",N,,,
NL,NL341,"NL341 - Zeeuwsch-Vlaanderen",Y,"Rural region",N,,,
NL,NL342,"NL342 - Overig Zeeland",Y,"Intermediate region",N,,,
NL,NL411,"NL411 - West-Noord-Brabant",Y,"Urban region",Y,NL012M,Breda,
NL,NL412,"NL412 - Midden-Noord-Brabant",N,"Urban region",Y,NL006M,Tilburg,
NL,NL413,"NL413 - Noordoost-Noord-Brabant",N,"Intermediate region",Y,NL503M,s-Hertogenbosch,
NL,NL414,"NL414 - Zuidoost-Noord-Brabant",N,"Urban region",Y,NL005M,Eindhoven,
NL,NL421,"NL421 - Noord-Limburg",N,"Intermediate region",N,,,
NL,NL422,"NL422 - Midden-Limburg",N,"Intermediate region",N,,,
NL,NL423,"NL423 - Zuid-Limburg",N,"Urban region",Y,NL010M,Heerlen,
AT,AT111,"AT111 - Mittelburgenland",N,"Rural region",N,,,
AT,AT112,"AT112 - Nordburgenland",N,"Rural region",Y,AT001MC,Wien,
AT,AT113,"AT113 - Südburgenland",N,"Rural region",N,,,
AT,AT121,"AT121 - Mostviertel-Eisenwurzen",N,"Rural region",N,,,
AT,AT122,"AT122 - Niederösterreich-Süd",N,"Rural region",N,,,
AT,AT123,"AT123 - Sankt Pölten",N,"Rural region",N,,,
AT,AT124,"AT124 - Waldviertel",N,"Rural region",N,,,
AT,AT125,"AT125 - Weinviertel",N,"Rural region",Y,AT001MC,Wien,
AT,AT126,"AT126 - Wiener Umland/Nordteil",N,"Urban region",Y,AT001MC,Wien,
AT,AT127,"AT127 - Wiener Umland/Südteil",N,"Urban region",Y,AT001MC,Wien,
AT,AT130,"AT130 - Wien",N,"Urban region",Y,AT001MC,Wien,
AT,AT211,"AT211 - Klagenfurt-Villach",N,"Intermediate region",N,,,
AT,AT212,"AT212 - Oberkärnten",N,"Rural region",N,,,
AT,AT213,"AT213 - Unterkärnten",N,"Rural region",N,,,
AT,AT221,"AT221 - Graz",N,"Intermediate region",Y,AT002M,Graz,
AT,AT222,"AT222 - Liezen",N,"Rural region",N,,,
AT,AT223,"AT223 - Östliche Obersteiermark",N,"Intermediate region",N,,,
AT,AT224,"AT224 - Oststeiermark",N,"Rural region",N,,,
AT,AT225,"AT225 - West- und Südsteiermark",N,"Rural region",Y,AT002M,Graz,
AT,AT226,"AT226 - Westliche Obersteiermark",N,"Rural region",N,,,
AT,AT311,"AT311 - Innviertel",N,"Rural region",N,,,
AT,AT312,"AT312 - Linz-Wels",N,"Intermediate region",Y,AT003M,Linz,
AT,AT313,"AT313 - Mühlviertel",N,"Rural region",Y,AT003M,Linz,
AT,AT314,"AT314 - Steyr-Kirchdorf",N,"Rural region",N,,,
AT,AT315,"AT315 - Traunviertel",N,"Rural region",N,,,
AT,AT321,"AT321 - Lungau",N,"Rural region",N,,,
AT,AT322,"AT322 - Pinzgau-Pongau",N,"Rural region",N,,,
AT,AT323,"AT323 - Salzburg und Umgebung",N,"Intermediate region",Y,AT004M,Salzburg,
AT,AT331,"AT331 - Außerfern",N,"Rural region",N,,,
AT,AT332,"AT332 - Innsbruck",N,"Urban region",Y,AT005M,Innsbruck,
AT,AT333,"AT333 - Osttirol",N,"Rural region",N,,,
AT,AT334,"AT334 - Tiroler Oberland",N,"Rural region",N,,,
AT,AT335,"AT335 - Tiroler Unterland",N,"Rural region",N,,,
AT,AT341,"AT341 - Bludenz-Bregenzer Wald",N,"Rural region",N,,,
AT,AT342,"AT342 - Rheintal-Bodenseegebiet",N,"Urban region",N,,,
PL,PL113,"PL113 - Miasto Lódz",N,"Urban region",Y,PL002M,?ód?,
PL,PL114,"PL114 - Lódzki",N,"Urban region",Y,PL002M,?ód?,
PL,PL115,"PL115 - Piotrkowski",N,"Rural region",N,,,
PL,PL116,"PL116 - Sieradzki",N,"Rural region",N,,,
PL,PL117,"PL117 - Skierniewicki",N,"Rural region",N,,,
PL,PL121,"PL121 - Ciechanowsko-plocki",N,"Rural region",N,,,
PL,PL122,"PL122 - Ostrolecko-siedlecki",N,"Rural region",N,,,
PL,PL127,"PL127 - Miasto Warszawa",N,"Urban region",Y,PL001MC,Warszawa,
PL,PL128,"PL128 - Radomski",N,"Intermediate region",Y,PL025M,Radom,
PL,PL129,"PL129 - Warszawski-wschodni",N,"Intermediate region",Y,PL001MC,Warszawa,
PL,PL12A,"PL12A - Warszawski-zachodni",N,"Intermediate region",Y,PL001MC,Warszawa,
PL,PL213,"PL213 - Miasto Kraków",N,"Urban region",Y,PL003M,Kraków,
PL,PL214,"PL214 - Krakowski",N,"Urban region",Y,PL003M,Kraków,
PL,PL215,"PL215 - Nowosadecki",N,"Rural region",N,,,
PL,PL216,"PL216 - Oswiecimski",N,"Intermediate region",N,,,
PL,PL217,"PL217 - Tarnowski",N,"Rural region",Y,PL514M,Tarnów,
PL,PL224,"PL224 - Czestochowski",N,"Intermediate region",Y,PL024M,Cz?stochowa,
PL,PL225,"PL225 - Bielski",N,"Intermediate region",Y,PL506M,Bielsko-Bia?a,
PL,PL227,"PL227 - Rybnicki",N,"Urban region",N,,,
PL,PL228,"PL228 - Bytomski",N,"Urban region",Y,PL010M,Katowice,
PL,PL229,"PL229 - Gliwicki",N,"Urban region",Y,PL010M,Katowice,
PL,PL22A,"PL22A - Katowicki",N,"Urban region",Y,PL010M,Katowice,
PL,PL22B,"PL22B - Sosnowiecki",N,"Urban region",Y,PL010M,Katowice,
PL,PL22C,"PL22C - Tyski",N,"Urban region",Y,PL010M,Katowice,
PL,PL311,"PL311 - Bialski",N,"Rural region",N,,,
PL,PL312,"PL312 - Chelmsko-zamojski",N,"Rural region",N,,,
PL,PL314,"PL314 - Lubelski",N,"Intermediate region",Y,PL009M,Lublin,
PL,PL315,"PL315 - Pulawski",N,"Rural region",N,,,
PL,PL323,"PL323 - Krosnienski",N,"Rural region",N,,,
PL,PL324,"PL324 - Przemyski",N,"Rural region",N,,,
PL,PL325,"PL325 - Rzeszowski",N,"Rural region",Y,PL015M,Rzeszów,
PL,PL326,"PL326 - Tarnobrzeski",N,"Rural region",N,,,
PL,PL331,"PL331 - Kielecki",N,"Intermediate region",Y,PL012M,Kielce,
PL,PL332,"PL332 - Sandomiersko-jedrzejowski",N,"Rural region",N,,,
PL,PL343,"PL343 - Bialostocki",N,"Intermediate region",Y,PL011M,Bia?ystok,
PL,PL344,"PL344 - Lomzynski",N,"Rural region",N,,,
PL,PL345,"PL345 - Suwalski",N,"Rural region",N,,,
PL,PL411,"PL411 - Pilski",N,"Rural region",N,,,
PL,PL414,"PL414 - Koninski",N,"Rural region",N,,,
PL,PL415,"PL415 - Miasto Poznan",N,"Urban region",Y,PL005M,Pozna?,
PL,PL416,"PL416 - Kaliski",N,"Rural region",N,,,
PL,PL417,"PL417 - Leszczynski",N,"Rural region",N,,,
PL,PL418,"PL418 - Poznanski",N,"Urban region",Y,PL005M,Pozna?,
PL,PL422,"PL422 - Koszalinski",Y,"Intermediate region",N,,,
PL,PL423,"PL423 - Stargardzki",Y,"Rural region",N,,,
PL,PL424,"PL424 - Miasto Szczecin",Y,"Intermediate region",Y,PL007M,Szczecin,
PL,PL425,"PL425 - Szczecinski",Y,"Intermediate region",Y,PL007M,Szczecin,
PL,PL431,"PL431 - Gorzowski",N,"Intermediate region",N,,,
PL,PL432,"PL432 - Zielonogórski",N,"Intermediate region",N,,,
PL,PL514,"PL514 - Miasto Wroclaw",N,"Urban region",Y,PL004M,Wroc?aw,
PL,PL515,"PL515 - Jeleniogórski",N,"Intermediate region",N,,,
PL,PL516,"PL516 - Legnicko-Glogowski",N,"Intermediate region",N,,,
PL,PL517,"PL517 - Walbrzyski",N,"Intermediate region",N,,,
PL,PL518,"PL518 - Wroclawski",N,"Urban region",Y,PL004M,Wroc?aw,
PL,PL521,"PL521 - Nyski",N,"Intermediate region",N,,,
PL,PL522,"PL522 - Opolski",N,"Intermediate region",Y,PL016M,Opole,
PL,PL613,"PL613 - Bydgosko-Torunski",N,"Urban region",Y,PL008M,Bydgoszcz,
PL,PL614,"PL614 - Grudziadzki",N,"Rural region",N,,,
PL,PL615,"PL615 - Wloclawski",N,"Rural region",N,,,
PL,PL621,"PL621 - Elblaski",Y,"Intermediate region",N,,,
PL,PL622,"PL622 - Olsztynski",N,"Intermediate region",N,,,
PL,PL623,"PL623 - Elcki",N,"Intermediate region",N,,,
PL,PL631,"PL631 - Slupski",Y,"Intermediate region",N,,,
PL,PL633,"PL633 - Trojmiejski",Y,"Intermediate region",Y,PL006M,Gda?sk,
PL,PL634,"PL634 - Gdanski",Y,"Intermediate region",Y,PL006M,Gda?sk,
PL,PL635,"PL635 - Starogardzki",N,"Intermediate region",N,,,
PT,PT111,"PT111 - Minho-Lima",N,"Rural region",N,,,**
PT,PT112,"PT112 - Cávado",Y,"Intermediate region",N,,,
PT,PT113,"PT113 - Ave",Y,"Urban region",N,,,
PT,PT114,"PT114 - Grande Porto",Y,"Urban region",Y,PT002M,Porto,
PT,PT115,"PT115 - Tâmega",N,"Intermediate region",N,,,**
PT,PT116,"PT116 - Entre Douro e Vouga",Y,"Urban region",N,,,
PT,PT117,"PT117 - Douro",N,"Rural region",N,,,
PT,PT118,"PT118 - Alto Trás-os-Montes",N,"Rural region",N,,,
PT,PT150,"PT150 - Algarve",Y,"Intermediate region",N,,,
PT,PT161,"PT161 - Baixo Vouga",Y,"Intermediate region",N,,,
PT,PT162,"PT162 - Baixo Mondego",Y,"Rural region",Y,PT005M,Coimbra,
PT,PT163,"PT163 - Pinhal Litoral",Y,"Rural region",N,,,
PT,PT164,"PT164 - Pinhal Interior Norte",N,"Rural region",N,,,
PT,PT165,"PT165 - Dão-Lafões",N,"Rural region",N,,,
PT,PT166,"PT166 - Pinhal Interior Sul",N,"Rural region",N,,,
PT,PT167,"PT167 - Serra da Estrela",N,"Rural region",N,,,
PT,PT168,"PT168 - Beira Interior Norte",N,"Rural region",N,,,
PT,PT169,"PT169 - Beira Interior Sul",N,"Rural region",N,,,
PT,PT16A,"PT16A - Cova da Beira",N,"Rural region",N,,,
PT,PT16B,"PT16B - Oeste",Y,"Rural region",N,,,
PT,PT16C,"PT16C - Médio Tejo",N,"Rural region",N,,,
PT,PT171,"PT171 - Grande Lisboa",Y,"Urban region",Y,PT001MC,Lisboa,
PT,PT172,"PT172 - Península de Setúbal",Y,"Urban region",Y,PT001MC,Lisboa,
PT,PT181,"PT181 - Alentejo Litoral",Y,"Rural region",N,,,
PT,PT182,"PT182 - Alto Alentejo",N,"Rural region",N,,,
PT,PT183,"PT183 - Alentejo Central",N,"Rural region",N,,,
PT,PT184,"PT184 - Baixo Alentejo",N,"Rural region",N,,,
PT,PT185,"PT185 - Lezíria do Tejo",N,"Rural region",N,,,**
PT,PT200,"PT200 - Região Autónoma dos Açores (PT)",Y,"Rural region",N,,,
PT,PT300,"PT300 - Região Autónoma da Madeira (PT)",Y,"Urban region",N,,,
RO,RO111,"RO111 - Bihor",N,"Intermediate region",N,,,
RO,RO112,"RO112 - Bistrita-Nasaud",N,"Rural region",N,,,
RO,RO113,"RO113 - Cluj",N,"Intermediate region",Y,RO002M,Cluj-Napoca,
RO,RO114,"RO114 - Maramures",N,"Rural region",N,,,
RO,RO115,"RO115 - Satu Mare",N,"Rural region",N,,,
RO,RO116,"RO116 - Salaj",N,"Rural region",N,,,
RO,RO121,"RO121 - Alba",N,"Rural region",N,,,
RO,RO122,"RO122 - Brasov",N,"Intermediate region",Y,RO504M,Brasov,
RO,RO123,"RO123 - Covasna",N,"Rural region",N,,,
RO,RO124,"RO124 - Harghita",N,"Rural region",N,,,
RO,RO125,"RO125 - Mures",N,"Rural region",N,,,
RO,RO126,"RO126 - Sibiu",N,"Intermediate region",N,,,
RO,RO211,"RO211 - Bacau",N,"Intermediate region",N,,,
RO,RO212,"RO212 - Botosani",N,"Rural region",N,,,
RO,RO213,"RO213 - Iasi",N,"Intermediate region",Y,RO502M,Iasi,
RO,RO214,"RO214 - Neamt",N,"Intermediate region",N,,,
RO,RO215,"RO215 - Suceava",N,"Rural region",N,,,
RO,RO216,"RO216 - Vaslui",N,"Rural region",N,,,
RO,RO221,"RO221 - Braila",N,"Intermediate region",N,,,
RO,RO222,"RO222 - Buzau",N,"Rural region",N,,,
RO,RO223,"RO223 - Constanta",Y,"Intermediate region",Y,RO501M,Constanta,
RO,RO224,"RO224 - Galati",N,"Intermediate region",Y,RO503M,Galati,
RO,RO225,"RO225 - Tulcea",Y,"Rural region",N,,,
RO,RO226,"RO226 - Vrancea",N,"Rural region",N,,,
RO,RO311,"RO311 - Arges",N,"Intermediate region",N,,,
RO,RO312,"RO312 - Calarasi",N,"Rural region",N,,,
RO,RO313,"RO313 - Dâmbovita",N,"Rural region",N,,,
RO,RO314,"RO314 - Giurgiu",N,"Rural region",N,,,
RO,RO315,"RO315 - Ialomita",N,"Rural region",N,,,
RO,RO316,"RO316 - Prahova",N,"Intermediate region",N,,,
RO,RO317,"RO317 - Teleorman",N,"Rural region",N,,,
RO,RO321,"RO321 - Bucuresti",N,"Urban region",Y,RO001MC,Bucure?ti,
RO,RO322,"RO322 - Ilfov",N,"Urban region",Y,RO001MC,Bucure?ti,
RO,RO411,"RO411 - Dolj",N,"Intermediate region",Y,RO004M,Craiova,
RO,RO412,"RO412 - Gorj",N,"Rural region",N,,,
RO,RO413,"RO413 - Mehedinti",N,"Rural region",N,,,
RO,RO414,"RO414 - Olt",N,"Rural region",N,,,
RO,RO415,"RO415 - Vâlcea",N,"Rural region",N,,,
RO,RO421,"RO421 - Arad",N,"Rural region",N,,,
RO,RO422,"RO422 - Caras-Severin",N,"Rural region",N,,,
RO,RO423,"RO423 - Hunedoara",N,"Intermediate region",N,,,
RO,RO424,"RO424 - Timis",N,"Intermediate region",Y,RO003M,Timi?oara,
SI,SI011,"SI011 - Pomurska",N,"Rural region",N,,,
SI,SI012,"SI012 - Podravska",N,"Rural region",Y,SI002M,Maribor,
SI,SI013,"SI013 - Koroska",N,"Rural region",N,,,
SI,SI014,"SI014 - Savinjska",N,"Intermediate region",N,,,
SI,SI015,"SI015 - Zasavska",N,"Intermediate region",N,,,
SI,SI016,"SI016 - Spodnjeposavska",N,"Rural region",N,,,
SI,SI017,"SI017 - Jugovzhodna Slovenija",N,"Rural region",N,,,
SI,SI018,"SI018 - Notranjsko-kraska",Y,"Rural region",N,,,
SI,SI021,"SI021 - Osrednjeslovenska",N,"Intermediate region",Y,SI001MC,Ljubljana,
SI,SI022,"SI022 - Gorenjska",N,"Intermediate region",N,,,
SI,SI023,"SI023 - Goriska",Y,"Rural region",N,,,
SI,SI024,"SI024 - Obalno-kraska",Y,"Intermediate region",N,,,
SK,SK010,"SK010 - Bratislavský kraj",N,"Urban region",Y,SK001MC,Bratislava,
SK,SK021,"SK021 - Trnavský kraj",N,"Rural region",N,,,
SK,SK022,"SK022 - Trenciansky kraj",N,"Intermediate region",N,,,
SK,SK023,"SK023 - Nitriansky kraj",N,"Rural region",N,,,
SK,SK031,"SK031 - Zilinský kraj",N,"Intermediate region",N,,,
SK,SK032,"SK032 - Banskobystrický kraj",N,"Rural region",N,,,
SK,SK041,"SK041 - Presovský kraj",N,"Rural region",N,,,
SK,SK042,"SK042 - Kosický kraj",N,"Intermediate region",Y,SK002M,Koice,
FI,FI193,"FI193 - Keski-Suomi",N,"Rural region",N,,,
FI,FI194,"FI194 - Etelä-Pohjanmaa",N,"Rural region",N,,,
FI,FI195,"FI195 - Pohjanmaa",Y,"Rural region",N,,,
FI,FI196,"FI196 - Satakunta",Y,"Rural region",N,,,
FI,FI197,"FI197 - Pirkanmaa",N,"Intermediate region",Y,FI002M,Tampere,
FI,FI1B1,"FI1B1 - Helsinki-Uusimaa",Y,"Urban region",Y,FI001MC,Helsinki,
FI,FI1C1,"FI1C1 - Varsinais-Suomi",Y,"Intermediate region",Y,FI003M,Turku,
FI,FI1C2,"FI1C2 - Kanta-Häme",N,"Intermediate region",N,,,
FI,FI1C3,"FI1C3 - Päijät-Häme",N,"Intermediate region",N,,,
FI,FI1C4,"FI1C4 - Kymenlaakso",Y,"Intermediate region",N,,,
FI,FI1C5,"FI1C5 - Etelä-Karjala",Y,"Intermediate region",N,,,
FI,FI1D1,"FI1D1 - Etelä-Savo",N,"Rural region",N,,,
FI,FI1D2,"FI1D2 - Pohjois-Savo",N,"Rural region",N,,,
FI,FI1D3,"FI1D3 - Pohjois-Karjala",N,"Rural region",N,,,
FI,FI1D4,"FI1D4 - Kainuu",N,"Rural region",N,,,
FI,FI1D5,"FI1D5 - Keski-Pohjanmaa",Y,"Rural region",N,,,
FI,FI1D6,"FI1D6 - Pohjois-Pohjanmaa",Y,"Rural region",N,,,
FI,FI1D7,"FI1D7 - Lappi",Y,"Rural region",N,,,
FI,FI200,"FI200 - Åland",Y,"Rural region",N,,,
SE,SE110,"SE110 - Stockholms län",Y,"Urban region",Y,SE001MC,Stockholm,
SE,SE121,"SE121 - Uppsala län",Y,"Intermediate region",Y,SE006M,Uppsala,
SE,SE122,"SE122 - Södermanlands län",Y,"Intermediate region",N,,,
SE,SE123,"SE123 - Östergötlands län",Y,"Intermediate region",N,,,
SE,SE124,"SE124 - Örebro län",N,"Intermediate region",N,,,
SE,SE125,"SE125 - Västmanlands län",N,"Intermediate region",N,,,
SE,SE211,"SE211 - Jönköpings län",N,"Intermediate region",N,,,
SE,SE212,"SE212 - Kronobergs län",N,"Rural region",N,,,
SE,SE213,"SE213 - Kalmar län",Y,"Rural region",N,,,
SE,SE214,"SE214 - Gotlands län",Y,"Rural region",N,,,
SE,SE221,"SE221 - Blekinge län",Y,"Rural region",N,,,
SE,SE224,"SE224 - Skåne län",Y,"Intermediate region",Y,SE003M,Malmö,
SE,SE231,"SE231 - Hallands län",Y,"Intermediate region",N,,,
SE,SE232,"SE232 - Västra Götalands län",Y,"Intermediate region",Y,SE002M,Göteborg,
SE,SE311,"SE311 - Värmlands län",N,"Intermediate region",N,,,
SE,SE312,"SE312 - Dalarnas län",N,"Rural region",N,,,
SE,SE313,"SE313 - Gävleborgs län",Y,"Intermediate region",N,,,
SE,SE321,"SE321 - Västernorrlands län",Y,"Rural region",N,,,
SE,SE322,"SE322 - Jämtlands län",N,"Rural region",N,,,
SE,SE331,"SE331 - Västerbottens län",Y,"Rural region",N,,,
SE,SE332,"SE332 - Norrbottens län",Y,"Intermediate region",N,,,
UK,UKC11,"UKC11 - Hartlepool and Stockton-on-Tees",Y,"Urban region",Y,UK559M,Middlesbrough,
UK,UKC12,"UKC12 - South Teesside",Y,"Urban region",Y,UK559M,Middlesbrough,
UK,UKC13,"UKC13 - Darlington",Y,"Urban region",N,,,
UK,UKC14,"UKC14 - Durham CC",Y,"Urban region",N,,,
UK,UKC21,"UKC21 - Northumberland",Y,"Intermediate region",Y,UK013M,"Newcastle upon Tyne",
UK,UKC22,"UKC22 - Tyneside",Y,"Urban region",Y,UK013M,"Newcastle upon Tyne",
UK,UKC23,"UKC23 - Sunderland",Y,"Urban region",Y,UK510M,Sunderland,
UK,UKD11,"UKD11 - West Cumbria",Y,"Intermediate region",N,,,
UK,UKD12,"UKD12 - East Cumbria",Y,"Intermediate region",N,,,
UK,UKD31,"UKD31 - Greater Manchester South",Y,"Urban region",Y,UK008M,Manchester,
UK,UKD32,"UKD32 - Greater Manchester North",Y,"Urban region",Y,UK008M,Manchester,
UK,UKD41,"UKD41 - Blackburn with Darwen",Y,"Urban region",Y,UK553M,"Blackburn - Blackpool - Preston",
UK,UKD42,"UKD42 - Blackpool",Y,"Urban region",Y,UK553M,"Blackburn - Blackpool - Preston",
UK,UKD43,"UKD43 - Lancashire CC",Y,"Urban region",Y,UK553M,"Blackburn - Blackpool - Preston",
UK,UKD61,"UKD61 - Warrington",Y,"Urban region",N,,,
UK,UKD62,"UKD62 - Cheshire East",Y,"Urban region",N,,,
UK,UKD63,"UKD63 - Cheshire West and Chester",Y,"Urban region",Y,UK568M,"Cheshire West and Chester",
UK,UKD71,"UKD71 - East Merseyside",Y,"Urban region",Y,UK006M,Liverpool,
UK,UKD72,"UKD72 - Liverpool",Y,"Urban region",Y,UK006M,Liverpool,
UK,UKD73,"UKD73 - Sefton",Y,"Urban region",Y,UK006M,Liverpool,
UK,UKD74,"UKD74 - Wirral",Y,"Urban region",Y,UK006M,Liverpool,
UK,UKE11,"UKE11 - Kingston upon Hull, City of",Y,"Urban region",Y,UK026M,"Kingston upon Hull",
UK,UKE12,"UKE12 - East Riding of Yorkshire",Y,"Urban region",Y,UK026M,"Kingston upon Hull",
UK,UKE13,"UKE13 - North and North East Lincolnshire",Y,"Intermediate region",N,,,
UK,UKE21,"UKE21 - York",Y,"Intermediate region",N,,,
UK,UKE22,"UKE22 - North Yorkshire CC",Y,"Intermediate region",N,,,
UK,UKE31,"UKE31 - Barnsley, Doncaster and Rotherham",N,"Urban region",Y,UK506M,Doncaster,
UK,UKE32,"UKE32 - Sheffield",N,"Urban region",Y,UK010M,Sheffield,
UK,UKE41,"UKE41 - Bradford",N,"Urban region",Y,UK005M,Bradford,
UK,UKE42,"UKE42 - Leeds",N,"Urban region",Y,UK003M,Leeds,
UK,UKE44,"UKE44 - Calderdale and Kirklees",N,"Urban region",Y,UK501M,Kirklees,
UK,UKE45,"UKE45 - Wakefield",N,"Urban region",Y,UK003M,Leeds,
UK,UKF11,"UKF11 - Derby",N,"Urban region",Y,UK518M,Derby,
UK,UKF12,"UKF12 - East Derbyshire",N,"Urban region",N,,,
UK,UKF13,"UKF13 - South and West Derbyshire",N,"Urban region",Y,UK029M,Nottingham,
UK,UKF14,"UKF14 - Nottingham",N,"Urban region",Y,UK029M,Nottingham,
UK,UKF15,"UKF15 - North Nottinghamshire",N,"Urban region",N,,,
UK,UKF16,"UKF16 - South Nottinghamshire",N,"Urban region",Y,UK029M,Nottingham,
UK,UKF21,"UKF21 - Leicester",N,"Urban region",Y,UK014M,Leicester,
UK,UKF22,"UKF22 - Leicestershire CC and Rutland",N,"Urban region",Y,UK014M,Leicester,
UK,UKF24,"UKF24 - West Northamptonshire",N,"Intermediate region",N,,,
UK,UKF25,"UKF25 - North Northamptonshire",N,"Urban region",N,,,
UK,UKF30,"UKF30 - Lincolnshire",Y,"Intermediate region",N,,,
UK,UKG11,"UKG11 - Herefordshire, County of",Y,"Rural region",N,,,
UK,UKG12,"UKG12 - Worcestershire",N,"Intermediate region",N,,,
UK,UKG13,"UKG13 - Warwickshire",N,"Intermediate region",Y,UK025M,Coventry,
UK,UKG21,"UKG21 - Telford and Wrekin",N,"Intermediate region",N,,,
UK,UKG22,"UKG22 - Shropshire CC",N,"Intermediate region",N,,,
UK,UKG23,"UKG23 - Stoke-on-Trent",N,"Urban region",Y,UK027M,Stoke-on-Trent,
UK,UKG24,"UKG24 - Staffordshire CC",N,"Urban region",Y,UK027M,Stoke-on-Trent,
UK,UKG31,"UKG31 - Birmingham",N,"Urban region",Y,UK002M,Birmingham,
UK,UKG32,"UKG32 - Solihull",N,"Urban region",Y,UK002M,Birmingham,
UK,UKG33,"UKG33 - Coventry",N,"Urban region",Y,UK025M,Coventry,
UK,UKG36,"UKG36 - Dudley",N,"Urban region",Y,UK002M,Birmingham,
UK,UKG37,"UKG37 - Sandwell",N,"Urban region",Y,UK002M,Birmingham,
UK,UKG38,"UKG38 - Walsall",N,"Urban region",Y,UK002M,Birmingham,
UK,UKG39,"UKG39 - Wolverhampton",N,"Urban region",Y,UK002M,Birmingham,
UK,UKH11,"UKH11 - Peterborough",Y,"Intermediate region",N,,,
UK,UKH12,"UKH12 - Cambridgeshire CC",N,"Intermediate region",Y,UK017M,Cambridge,
UK,UKH13,"UKH13 - Norfolk",Y,"Intermediate region",Y,UK566M,Norwich,
UK,UKH14,"UKH14 - Suffolk",Y,"Intermediate region",N,,,
UK,UKH21,"UKH21 - Luton",Y,"Urban region",N,,,
UK,UKH23,"UKH23 - Hertfordshire",Y,"Urban region",Y,UK001MC,London,
UK,UKH24,"UKH24 - Bedford",N,"Urban region",N,,,
UK,UKH25,"UKH25 - Central Bedfordshire",N,"Intermediate region",N,,,
UK,UKH31,"UKH31 - Southend-on-Sea",Y,"Urban region",Y,UK001MC,London,
UK,UKH32,"UKH32 - Thurrock",Y,"Urban region",Y,UK001MC,London,
UK,UKH33,"UKH33 - Essex CC",Y,"Urban region",Y,UK001MC,London,
UK,UKI11,"UKI11 - Inner London - West",Y,"Urban region",Y,UK001MC,London,
UK,UKI12,"UKI12 - Inner London - East",Y,"Urban region",Y,UK001MC,London,
UK,UKI21,"UKI21 - Outer London - East and North East",Y,"Urban region",Y,UK001MC,London,
UK,UKI22,"UKI22 - Outer London - South",Y,"Urban region",Y,UK001MC,London,
UK,UKI23,"UKI23 - Outer London - West and North West",Y,"Urban region",Y,UK001MC,London,
UK,UKJ11,"UKJ11 - Berkshire",N,"Urban region",Y,UK552M,Reading,
UK,UKJ12,"UKJ12 - Milton Keynes",N,"Urban region",N,,,
UK,UKJ13,"UKJ13 - Buckinghamshire CC",N,"Urban region",N,,,
UK,UKJ14,"UKJ14 - Oxfordshire",N,"Intermediate region",N,,,
UK,UKJ21,"UKJ21 - Brighton and Hove",Y,"Urban region",Y,UK515M,"Brighton and Hove",
UK,UKJ22,"UKJ22 - East Sussex CC",Y,"Intermediate region",Y,,,
UK,UKJ23,"UKJ23 - Surrey",Y,"Urban region",N,UK001MC,London,
UK,UKJ24,"UKJ24 - West Sussex",Y,"Urban region",N,,,
UK,UKJ31,"UKJ31 - Portsmouth",Y,"Urban region",Y,UK023M,Portsmouth,
UK,UKJ32,"UKJ32 - Southampton",Y,"Urban region",Y,UK520M,Southampton,
UK,UKJ33,"UKJ33 - Hampshire CC",Y,"Urban region",N,,,
UK,UKJ34,"UKJ34 - Isle of Wight",Y,"Urban region",N,,,
UK,UKJ41,"UKJ41 - Medway",Y,"Urban region",N,,,
UK,UKJ42,"UKJ42 - Kent CC",Y,"Urban region",Y,UK001MC,London,
UK,UKK11,"UKK11 - Bristol, City of",Y,"Urban region",Y,UK011M,Bristol,
UK,UKK12,"UKK12 - Bath and North East Somerset, North Somerset and South Gloucestershire",Y,"Urban region",Y,UK011M,Bristol,
UK,UKK13,"UKK13 - Gloucestershire",Y,"Intermediate region",N,,,
UK,UKK14,"UKK14 - Swindon",Y,"Intermediate region",N,,,
UK,UKK15,"UKK15 - Wiltshire CC",Y,"Intermediate region",N,,,
UK,UKK21,"UKK21 - Bournemouth and Poole",Y,"Urban region",Y,UK539M,Bournemouth,
UK,UKK22,"UKK22 - Dorset CC",Y,"Urban region",Y,UK539M,Bournemouth,
UK,UKK23,"UKK23 - Somerset",Y,"Intermediate region",N,,,
UK,UKK30,"UKK30 - Cornwall and Isles of Scilly",Y,"Intermediate region",N,,,
UK,UKK41,"UKK41 - Plymouth",Y,"Intermediate region",N,,,
UK,UKK42,"UKK42 - Torbay",Y,"Intermediate region",N,,,
UK,UKK43,"UKK43 - Devon CC",Y,"Intermediate region",Y,UK018M,Exeter,
UK,UKL11,"UKL11 - Isle of Anglesey",Y,"Rural region",N,,,
UK,UKL12,"UKL12 - Gwynedd",Y,"Rural region",N,,,
UK,UKL13,"UKL13 - Conwy and Denbighshire",Y,"Intermediate region",N,,,
UK,UKL14,"UKL14 - South West Wales",Y,"Rural region",N,,,
UK,UKL15,"UKL15 - Central Valleys",Y,"Urban region",Y,UK009M,Cardiff,
UK,UKL16,"UKL16 - Gwent Valleys",Y,"Urban region",Y,UK009M,Cardiff,
UK,UKL17,"UKL17 - Bridgend and Neath Port Talbot",Y,"Urban region",Y,UK517M,Swansea,
UK,UKL18,"UKL18 - Swansea",Y,"Urban region",Y,UK517M,Swansea,
UK,UKL21,"UKL21 - Monmouthshire and Newport",Y,"Urban region",N,,,
UK,UKL22,"UKL22 - Cardiff and Vale of Glamorgan",Y,"Urban region",Y,UK009M,Cardiff,
UK,UKL23,"UKL23 - Flintshire and Wrexham",Y,"Urban region",Y,UK568M,"Cheshire West and Chester",
UK,UKL24,"UKL24 - Powys",Y,"Rural region",N,,,
UK,UKM21,"UKM21 - Angus and Dundee City",Y,"Urban region",N,,,
UK,UKM22,"UKM22 - Clackmannanshire and Fife",Y,"Intermediate region",N,,,
UK,UKM23,"UKM23 - East Lothian and Midlothian",Y,"Intermediate region",Y,UK007M,Edinburgh,
UK,UKM24,"UKM24 - Scottish Borders",Y,"Rural region",N,,,
UK,UKM25,"UKM25 - Edinburgh, City of",Y,"Urban region",Y,UK007M,Edinburgh,
UK,UKM26,"UKM26 - Falkirk",Y,"Urban region",N,,,
UK,UKM27,"UKM27 - Perth & Kinross and Stirling",Y,"Intermediate region",N,,,
UK,UKM28,"UKM28 - West Lothian",Y,"Urban region",Y,UK007M,Edinburgh,
UK,UKM31,"UKM31 - East Dunbartonshire, West Dunbartonshire and Helensburgh & Lomond",Y,"Urban region",Y,UK004M,Glasgow,
UK,UKM32,"UKM32 - Dumfries & Galloway",Y,"Rural region",N,,,
UK,UKM33,"UKM33 - East Ayrshire and North Ayrshire mainland",Y,"Intermediate region",N,,,
UK,UKM34,"UKM34 - Glasgow City",Y,"Urban region",Y,UK004M,Glasgow,
UK,UKM35,"UKM35 - Inverclyde, East Renfrewshire and Renfrewshire",Y,"Urban region",Y,UK004M,Glasgow,
UK,UKM36,"UKM36 - North Lanarkshire",Y,"Urban region",Y,UK004M,Glasgow,
UK,UKM37,"UKM37 - South Ayrshire",Y,"Intermediate region",N,,,
UK,UKM38,"UKM38 - South Lanarkshire",Y,"Urban region",Y,UK004M,Glasgow,
UK,UKM50,"UKM50 - Aberdeen City and Aberdeenshire",Y,"Intermediate region",Y,UK016M,Aberdeen,
UK,UKM61,"UKM61 - Caithness & Sutherland and Ross & Cromarty",Y,"Rural region",N,,,
UK,UKM62,"UKM62 - Inverness & Nairn and Moray, Badenoch & Strathspey",Y,"Intermediate region",N,,,
UK,UKM63,"UKM63 - Lochaber, Skye & Lochalsh, Arran & Cumbrae and Argyll & Bute",Y,"Rural region",N,,,
UK,UKM64,"UKM64 - Eilean Siar (Western Isles)",Y,"Rural region",N,,,
UK,UKM65,"UKM65 - Orkney Islands",Y,"Rural region",N,,,
UK,UKM66,"UKM66 - Shetland Islands",Y,"Rural region",N,,,
UK,UKN01,"UKN01 - Belfast",Y,"Urban region",Y,UK012M,Belfast,
UK,UKN02,"UKN02 - Outer Belfast",Y,"Urban region",Y,UK012M,Belfast,
UK,UKN03,"UKN03 - East of Northern Ireland (UK)",Y,"Intermediate region",N,,,
UK,UKN04,"UKN04 - North of Northern Ireland (UK)",Y,"Intermediate region",N,,,
UK,UKN05,"UKN05 - West and South of Northern Ireland (UK)",Y,"Rural region",N,,,
IS,IS001,,Y,"Urban region",N,,,
IS,IS002,,Y,"Rural region",N,,,
LI,LI000,,:,"Rural region",N,,,
NO,NO011,"NO011 - Oslo",Y,"Urban region",Y,NO001M,Oslo,
NO,NO012,"NO012 - Akershus",Y,"Urban region",Y,NO001MC,Oslo,
NO,NO021,"NO021 - Hedmark",N,"Rural region",N,,,
NO,NO022,"NO022 - Oppland",N,"Rural region",N,,,
NO,NO031,"NO031 - Østfold",Y,"Intermediate region",N,,,
NO,NO032,"NO032 - Buskerud",Y,"Intermediate region",N,,,
NO,NO033,"NO033 - Vestfold",Y,"Intermediate region",N,,,
NO,NO034,"NO034 - Telemark",Y,"Intermediate region",N,,,
NO,NO041,"NO041 - Aust-Agder",Y,"Rural region",N,,,
NO,NO042,"NO042 - Vest-Agder",Y,"Intermediate region",N,,,
NO,NO043,"NO043 - Rogaland",Y,"Intermediate region",N,,,
NO,NO051,"NO051 - Hordaland",Y,"Intermediate region",Y,NO002M,Bergen,
NO,NO052,"NO052 - Sogn og Fjordane",Y,"Rural region",N,,,
NO,NO053,"NO053 - Møre og Romsdal",Y,"Rural region",N,,,
NO,NO061,"NO061 - Sør-Trøndelag",Y,"Intermediate region",N,,,
NO,NO062,"NO062 - Nord-Trøndelag",Y,"Rural region",N,,,
NO,NO071,"NO071 - Nordland",Y,"Rural region",N,,,
NO,NO072,"NO072 - Troms",Y,"Rural region",N,,,
NO,NO073,"NO073 - Finnmark",Y,"Rural region",N,,,
CH,CH011,,:,"Intermediate region",Y,CH005M,Lausanne,
CH,CH012,,:,"Intermediate region",N,,,
CH,CH013,,:,"Urban region",Y,CH002M,Genève,
CH,CH021,,:,"Intermediate region",Y,CH004MC,Bern,
CH,CH022,,:,"Rural region",N,,,
CH,CH023,,:,"Intermediate region",N,,,
CH,CH024,,:,"Intermediate region",N,,,
CH,CH025,,:,"Rural region",N,,,
CH,CH031,,:,"Urban region",Y,CH003M,Basel,
CH,CH032,,:,"Urban region",Y,CH003M,Basel,
CH,CH033,,:,"Urban region",N,,,
CH,CH040,,:,"Urban region",Y,CH001M,Zürich,
CH,CH051,,:,"Intermediate region",N,,,
CH,CH052,,:,"Intermediate region",N,,,
CH,CH053,,:,"Intermediate region",N,,,
CH,CH054,,:,"Intermediate region",N,,,
CH,CH055,,:,"Intermediate region",N,,,
CH,CH056,,:,"Rural region",N,,,
CH,CH057,,:,"Intermediate region",N,,,
CH,CH061,,:,"Intermediate region",N,,,
CH,CH062,,:,"Intermediate region",N,,,
CH,CH063,,:,"Intermediate region",N,,,
CH,CH064,,:,"Rural region",N,,,
CH,CH065,,:,"Intermediate region",N,,,
CH,CH066,,:,"Urban region",N,,,
CH,CH070,,:,"Intermediate region",N,,,
MK,MK001,"MK001 - Vardarski",:,"Intermediate region",N,,,
MK,MK002,"MK002 - Istocen",:,"Intermediate region",N,,,
MK,MK003,"MK003 - Jugozapaden",:,"Intermediate region",N,,,
MK,MK004,"MK004 - Jugoistocen",:,"Rural region",N,,,
MK,MK005,"MK005 - Pelagoniski",:,"Intermediate region",N,,,
MK,MK006,"MK006 - Poloski",:,"Intermediate region",N,,,
MK,MK007,"MK007 - Severoistocen",:,"Intermediate region",N,,,
MK,MK008,"MK008 - Skopski",:,"Urban region",N,,,
TR,TR100,"TR100 - Istanbul",Y,"Urban region",N,,,
TR,TR211,"TR211 - Tekirdag",Y,"Rural region",N,,,
TR,TR212,"TR212 - Edirne",Y,"Rural region",N,,,
TR,TR213,"TR213 - Kirklareli",Y,"Rural region",N,,,
TR,TR221,"TR221 - Balikesir",Y,"Intermediate region",N,,,
TR,TR222,"TR222 - Çanakkale",Y,"Rural region",N,,,
TR,TR310,"TR310 - Izmir",Y,"Urban region",N,,,
TR,TR321,"TR321 - Aydin",Y,"Intermediate region",N,,,
TR,TR322,"TR322 - Denizli",N,"Intermediate region",N,,,
TR,TR323,"TR323 - Mugla",Y,"Rural region",N,,,
TR,TR331,"TR331 - Manisa",N,"Intermediate region",N,,,
TR,TR332,"TR332 - Afyonkarahisar",N,"Rural region",N,,,
TR,TR333,"TR333 - Kütahya",N,"Rural region",N,,,
TR,TR334,"TR334 - Usak",N,"Rural region",N,,,
TR,TR411,"TR411 - Bursa",Y,"Intermediate region",N,,,
TR,TR412,"TR412 - Eskisehir",N,"Intermediate region",N,,,
TR,TR413,"TR413 - Bilecik",N,"Rural region",N,,,
TR,TR421,"TR421 - Kocaeli",Y,"Urban region",N,,,
TR,TR422,"TR422 - Sakarya",Y,"Intermediate region",N,,,
TR,TR423,"TR423 - Düzce",Y,"Intermediate region",N,,,
TR,TR424,"TR424 - Bolu",N,"Rural region",N,,,
TR,TR425,"TR425 - Yalova",Y,"Intermediate region",N,,,
TR,TR510,"TR510 - Ankara",N,"Urban region",N,,,
TR,TR521,"TR521 - Konya",N,"Rural region",N,,,
TR,TR522,"TR522 - Karaman",N,"Rural region",N,,,
TR,TR611,"TR611 - Antalya",Y,"Intermediate region",N,,,
TR,TR612,"TR612 - Isparta",N,"Rural region",N,,,
TR,TR613,"TR613 - Burdur",N,"Rural region",N,,,
TR,TR621,"TR621 - Adana",Y,"Intermediate region",N,,,
TR,TR622,"TR622 - Mersin",Y,"Intermediate region",N,,,
TR,TR631,"TR631 - Hatay",Y,"Intermediate region",N,,,
TR,TR632,"TR632 - Kahramanmaras",N,"Rural region",N,,,
TR,TR633,"TR633 - Osmaniye",N,"Intermediate region",N,,,
TR,TR711,"TR711 - Kirikkale",N,"Intermediate region",N,,,
TR,TR712,"TR712 - Aksaray",N,"Rural region",N,,,
TR,TR713,"TR713 - Nigde",N,"Rural region",N,,,
TR,TR714,"TR714 - Nevsehir",N,"Rural region",N,,,
TR,TR715,"TR715 - Kirsehir",N,"Rural region",N,,,
TR,TR721,"TR721 - Kayseri",N,"Intermediate region",N,,,
TR,TR722,"TR722 - Sivas",N,"Rural region",N,,,
TR,TR723,"TR723 - Yozgat",N,"Rural region",N,,,
TR,TR811,"TR811 - Zonguldak",Y,"Urban region",N,,,
TR,TR812,"TR812 - Karabük",N,"Intermediate region",N,,,
TR,TR813,"TR813 - Bartin",Y,"Rural region",N,,,
TR,TR821,"TR821 - Kastamonu",Y,"Rural region",N,,,
TR,TR822,"TR822 - Çankiri",N,"Rural region",N,,,
TR,TR823,"TR823 - Sinop",Y,"Rural region",N,,,
TR,TR831,"TR831 - Samsun",Y,"Intermediate region",N,,,
TR,TR832,"TR832 - Tokat",N,"Rural region",N,,,
TR,TR833,"TR833 - Çorum",N,"Rural region",N,,,
TR,TR834,"TR834 - Amasya",N,"Rural region",N,,,
TR,TR901,"TR901 - Trabzon",Y,"Intermediate region",N,,,
TR,TR902,"TR902 - Ordu",Y,"Intermediate region",N,,,
TR,TR903,"TR903 - Giresun",Y,"Rural region",N,,,
TR,TR904,"TR904 - Rize",Y,"Intermediate region",N,,,
TR,TR905,"TR905 - Artvin",Y,"Rural region",N,,,
TR,TR906,"TR906 - Gümüshane",N,"Rural region",N,,,
TR,TRA11,"TRA11 - Erzurum",N,"Rural region",N,,,
TR,TRA12,"TRA12 - Erzincan",N,"Rural region",N,,,
TR,TRA13,"TRA13 - Bayburt",N,"Rural region",N,,,
TR,TRA21,"TRA21 - Agri",N,"Rural region",N,,,
TR,TRA22,"TRA22 - Kars",N,"Rural region",N,,,
TR,TRA23,"TRA23 - Igdir",N,"Rural region",N,,,
TR,TRA24,"TRA24 - Ardahan",N,"Rural region",N,,,
TR,TRB11,"TRB11 - Malatya",N,"Intermediate region",N,,,
TR,TRB12,"TRB12 - Elazig",N,"Intermediate region",N,,,
TR,TRB13,"TRB13 - Bingöl",N,"Rural region",N,,,
TR,TRB14,"TRB14 - Tunceli",N,"Rural region",N,,,
TR,TRB21,"TRB21 - Van",N,"Rural region",N,,,
TR,TRB22,"TRB22 - Mus",N,"Rural region",N,,,
TR,TRB23,"TRB23 - Bitlis",N,"Rural region",N,,,
TR,TRB24,"TRB24 - Hakkari",N,"Rural region",N,,,
TR,TRC11,"TRC11 - Gaziantep",N,"Intermediate region",N,,,
TR,TRC12,"TRC12 - Adiyaman",N,"Rural region",N,,,
TR,TRC13,"TRC13 - Kilis",N,"Intermediate region",N,,,
TR,TRC21,"TRC21 - Sanliurfa",N,"Rural region",N,,,
TR,TRC22,"TRC22 - Diyarbakir",N,"Intermediate region",N,,,
TR,TRC31,"TRC31 - Mardin",N,"Rural region",N,,,
TR,TRC32,"TRC32 - Batman",N,"Intermediate region",N,,,
TR,TRC33,"TRC33 - Sirnak",N,"Rural region",N,,,
TR,TRC34,"TRC34 - Siirt",N,"Rural region",N,,,
,,,,,,,,
,,,,,,,,
,,,,,,,,
": information not available",,,,,,,,
"Y yes",,,,,,,,
"N no",,,,,,,,
"Note: A metroregion may be composed of more than one NUTS 3",,,,,,,,
"Candidate countries and potential candidates not classified according to the regional typologies are not included in the list",,,,,,,,
"* According to the new urban-rural typoplgy based on a population grid, revised by the NSI",,,,,,,,
"** Revised by NSI",,,,,,,,
